record_id,latitude,longitude,location_name,sector,district,observation_date,observation_time,source,source_type,source_url,data_quality,rainfall_1h_mm,rainfall_3h_mm,rainfall_6h_mm,rainfall_24h_mm,rainfall_intensity_mm_hr,rain_event_id,elevation_m,road_slope_percent,topographic_wetness_index,distance_to_lowest_point_m,nearest_drain_name,distance_to_nearest_drain_m,road_type,underpass,historical_waterlogging_count,known_waterlogging_hotspot,waterlogging,waterlogging_severity,water_depth_cm,waterlogging_duration_minutes,road_impassable,traffic_disruption,synthetic
GWL_0001,28.43542,77.02835,Hero Honda Chowk Underpass,Sector 33,Gurugram,2024-05-20,15:00,MCG Flood Control Room & GMDA OneMap,official_govt,https://onemapgurugram.gmda.gov.in/,high,0.0,0.0,0.0,0.0,0.0,DRY_20240520,211.7,4.86,9.98,496.8,Badshahpur Drain,61.0,Underpass,1,26,1,0,0,0.0,0,0,0,0
GWL_0002,28.4361,77.02762,Hero Honda Chowk Underpass,Sector 33,Gurugram,2019-07-15,14:15,MCG Flood Control Room & GMDA OneMap,official_govt,https://onemapgurugram.gmda.gov.in/,high,32.0,58.0,74.0,89.0,40.0,EVT_20190715,211.1,8.58,10.27,450.8,Badshahpur Drain,40.5,Underpass,1,26,1,1,1,9.6,61,0,1,0
GWL_0003,28.4356,77.02637,Hero Honda Chowk Underpass,Sector 33,Gurugram,2018-08-28,08:30,MCG Flood Control Room & GMDA OneMap,official_govt,https://onemapgurugram.gmda.gov.in/,high,45.0,82.0,115.0,132.0,55.0,EVT_20180828,211.6,5.61,10.23,504.2,Badshahpur Drain,58.6,Underpass,1,26,1,1,2,24.0,106,0,2,0
GWL_0004,28.43608,77.02564,Hero Honda Chowk Underpass,Sector 33,Gurugram,2024-11-05,11:00,MCG Flood Control Room & GMDA OneMap,official_govt,https://onemapgurugram.gmda.gov.in/,high,0.0,0.0,0.0,0.0,0.0,DRY_20241105,211.6,4.36,10.81,524.6,Badshahpur Drain,59.3,Underpass,1,26,1,0,0,0.0,0,0,0,0
GWL_0005,28.43521,77.02579,Hero Honda Chowk Underpass,Sector 33,Gurugram,2021-09-01,06:30,MCG Flood Control Room & GMDA OneMap,official_govt,https://onemapgurugram.gmda.gov.in/,high,70.0,125.0,160.0,218.0,85.0,EVT_20210901,211.6,4.67,10.36,487.4,Badshahpur Drain,62.3,Underpass,1,26,1,1,3,47.8,239,1,3,0
GWL_0006,28.43524,77.02706,Hero Honda Chowk Underpass,Sector 33,Gurugram,2021-07-19,07:45,MCG Flood Control Room & GMDA OneMap,official_govt,https://onemapgurugram.gmda.gov.in/,high,62.0,118.0,155.0,185.0,75.0,EVT_20210719,211.5,9.33,10.68,515.1,Badshahpur Drain,61.8,Underpass,1,26,1,1,3,57.9,285,1,3,0
GWL_0007,28.43457,77.02609,Hero Honda Chowk Underpass,Sector 33,Gurugram,2021-07-19,07:45,MCG Flood Control Room & GMDA OneMap,official_govt,https://onemapgurugram.gmda.gov.in/,high,62.0,118.0,155.0,185.0,75.0,EVT_20210719,211.1,6.14,10.33,476.6,Badshahpur Drain,45.7,Underpass,1,26,1,1,3,48.4,217,1,3,0
GWL_0008,28.43472,77.02791,Hero Honda Chowk Underpass,Sector 33,Gurugram,2020-08-19,09:00,MCG Flood Control Room & GMDA OneMap,official_govt,https://onemapgurugram.gmda.gov.in/,high,58.0,105.0,142.0,168.0,70.0,EVT_20200819,211.2,8.25,10.22,452.2,Badshahpur Drain,59.5,Underpass,1,26,1,1,3,61.2,251,1,3,0
GWL_0009,28.43661,77.02572,Hero Honda Chowk Underpass,Sector 33,Gurugram,2024-11-05,11:00,MCG Flood Control Room & GMDA OneMap,official_govt,https://onemapgurugram.gmda.gov.in/,high,0.0,0.0,0.0,0.0,0.0,DRY_20241105,211.4,8.75,10.56,482.2,Badshahpur Drain,36.9,Underpass,1,26,1,0,0,0.0,0,0,0,0
GWL_0010,28.43523,77.02648,Hero Honda Chowk Underpass,Sector 33,Gurugram,2019-07-15,14:15,MCG Flood Control Room & GMDA OneMap,official_govt,https://onemapgurugram.gmda.gov.in/,high,32.0,58.0,74.0,89.0,40.0,EVT_20190715,211.7,8.88,10.29,499.3,Badshahpur Drain,56.4,Underpass,1,26,1,1,1,16.4,63,0,1,0
GWL_0011,28.43661,77.02698,Hero Honda Chowk Underpass,Sector 33,Gurugram,2024-05-20,15:00,MCG Flood Control Room & GMDA OneMap,official_govt,https://onemapgurugram.gmda.gov.in/,high,0.0,0.0,0.0,0.0,0.0,DRY_20240520,211.5,4.14,10.01,478.8,Badshahpur Drain,54.1,Underpass,1,26,1,0,0,0.0,0,0,0,0
GWL_0012,28.43524,77.02703,Hero Honda Chowk Underpass,Sector 33,Gurugram,2024-11-05,11:00,MCG Flood Control Room & GMDA OneMap,official_govt,https://onemapgurugram.gmda.gov.in/,high,0.0,0.0,0.0,0.0,0.0,DRY_20241105,211.8,6.26,10.54,512.2,Badshahpur Drain,37.3,Underpass,1,26,1,0,0,0.0,0,0,0,0
GWL_0013,28.43517,77.02598,Hero Honda Chowk Underpass,Sector 33,Gurugram,2025-07-20,10:10,MCG Flood Control Room & GMDA OneMap,official_govt,https://onemapgurugram.gmda.gov.in/,high,40.0,72.0,98.0,115.0,48.0,EVT_20250720,211.8,7.48,10.65,535.1,Badshahpur Drain,40.6,Underpass,1,26,1,1,2,37.9,108,0,2,0
GWL_0014,28.43672,77.02819,Hero Honda Chowk Underpass,Sector 33,Gurugram,2019-07-15,14:15,MCG Flood Control Room & GMDA OneMap,official_govt,https://onemapgurugram.gmda.gov.in/,high,32.0,58.0,74.0,89.0,40.0,EVT_20190715,211.4,5.25,10.37,501.7,Badshahpur Drain,60.8,Underpass,1,26,1,1,1,5.1,60,0,1,0
GWL_0015,28.43555,77.02617,Hero Honda Chowk Underpass,Sector 33,Gurugram,2023-10-15,12:00,MCG Flood Control Room & GMDA OneMap,official_govt,https://onemapgurugram.gmda.gov.in/,high,0.0,0.0,0.0,0.0,0.0,DRY_20231015,211.2,9.19,10.34,472.8,Badshahpur Drain,56.1,Underpass,1,26,1,0,0,0.0,0,0,0,0
GWL_0016,28.43539,77.02842,Hero Honda Chowk Underpass,Sector 33,Gurugram,2023-07-09,05:00,MCG Flood Control Room & GMDA OneMap,official_govt,https://onemapgurugram.gmda.gov.in/,high,75.0,135.0,180.0,240.0,90.0,EVT_20230709,211.9,6.73,10.04,522.9,Badshahpur Drain,36.1,Underpass,1,26,1,1,3,58.3,210,1,3,0
GWL_0017,28.43445,77.02634,Hero Honda Chowk Underpass,Sector 33,Gurugram,2018-08-28,08:30,MCG Flood Control Room & GMDA OneMap,official_govt,https://onemapgurugram.gmda.gov.in/,high,45.0,82.0,115.0,132.0,55.0,EVT_20180828,211.8,4.8,10.27,542.4,Badshahpur Drain,42.3,Underpass,1,26,1,1,2,33.4,128,0,2,0
GWL_0018,28.43501,77.02768,Hero Honda Chowk Underpass,Sector 33,Gurugram,2018-08-28,08:30,MCG Flood Control Room & GMDA OneMap,official_govt,https://onemapgurugram.gmda.gov.in/,high,45.0,82.0,115.0,132.0,55.0,EVT_20180828,211.4,7.48,10.48,472.6,Badshahpur Drain,60.1,Underpass,1,26,1,1,2,26.4,76,0,2,0
GWL_0019,28.43442,77.02727,Hero Honda Chowk Underpass,Sector 33,Gurugram,2019-07-15,14:15,MCG Flood Control Room & GMDA OneMap,official_govt,https://onemapgurugram.gmda.gov.in/,high,32.0,58.0,74.0,89.0,40.0,EVT_20190715,211.6,6.82,10.09,511.8,Badshahpur Drain,40.2,Underpass,1,26,1,1,1,15.4,53,0,1,0
GWL_0020,28.43711,77.02591,Hero Honda Chowk Underpass,Sector 33,Gurugram,2021-07-19,07:45,MCG Flood Control Room & GMDA OneMap,official_govt,https://onemapgurugram.gmda.gov.in/,high,62.0,118.0,155.0,185.0,75.0,EVT_20210719,211.4,9.09,10.82,479.3,Badshahpur Drain,54.8,Underpass,1,26,1,1,3,64.5,219,1,3,0
GWL_0021,28.45939,77.03183,Rajiv Chowk Junction,Sector 33,Gurugram,2021-07-19,07:45,MCG Flood Control Room & GMDA OneMap,official_govt,https://onemapgurugram.gmda.gov.in/,high,62.0,118.0,155.0,185.0,75.0,EVT_20210719,213.9,3.16,9.84,706.8,Leg 1 Drain,120.2,National Highway,0,22,1,0,0,0.0,0,0,0,0
GWL_0022,28.45885,77.03328,Rajiv Chowk Junction,Sector 33,Gurugram,2025-07-20,10:10,MCG Flood Control Room & GMDA OneMap,official_govt,https://onemapgurugram.gmda.gov.in/,high,40.0,72.0,98.0,115.0,48.0,EVT_20250720,214.5,3.13,9.48,758.2,Leg 1 Drain,112.5,National Highway,0,22,1,0,0,0.0,0,0,0,0
GWL_0023,28.45828,77.0338,Rajiv Chowk Junction,Sector 33,Gurugram,2023-10-15,12:00,MCG Flood Control Room & GMDA OneMap,official_govt,https://onemapgurugram.gmda.gov.in/,high,0.0,0.0,0.0,0.0,0.0,DRY_20231015,214.3,0.23,8.88,742.0,Leg 1 Drain,110.2,National Highway,0,22,1,0,0,0.0,0,0,0,0
GWL_0024,28.45828,77.03275,Rajiv Chowk Junction,Sector 33,Gurugram,2018-08-28,08:30,MCG Flood Control Room & GMDA OneMap,official_govt,https://onemapgurugram.gmda.gov.in/,high,45.0,82.0,115.0,132.0,55.0,EVT_20180828,214.4,2.35,8.96,752.5,Leg 1 Drain,117.1,National Highway,0,22,1,0,0,0.0,0,0,0,0
GWL_0025,28.45878,77.03334,Rajiv Chowk Junction,Sector 33,Gurugram,2025-07-20,10:10,MCG Flood Control Room & GMDA OneMap,official_govt,https://onemapgurugram.gmda.gov.in/,high,40.0,72.0,98.0,115.0,48.0,EVT_20250720,214.3,3.0,9.44,738.2,Leg 1 Drain,112.8,National Highway,0,22,1,0,0,0.0,0,0,0,0
GWL_0026,28.4589,77.0319,Rajiv Chowk Junction,Sector 33,Gurugram,2021-07-19,07:45,MCG Flood Control Room & GMDA OneMap,official_govt,https://onemapgurugram.gmda.gov.in/,high,62.0,118.0,155.0,185.0,75.0,EVT_20210719,214.0,3.41,9.29,725.7,Leg 1 Drain,128.9,National Highway,0,22,1,0,0,0.0,0,0,0,0
GWL_0027,28.46018,77.03261,Rajiv Chowk Junction,Sector 33,Gurugram,2024-11-05,11:00,MCG Flood Control Room & GMDA OneMap,official_govt,https://onemapgurugram.gmda.gov.in/,high,0.0,0.0,0.0,0.0,0.0,DRY_20241105,214.3,1.83,8.98,744.4,Leg 1 Drain,118.4,National Highway,0,22,1,0,0,0.0,0,0,0,0
GWL_0028,28.45787,77.03304,Rajiv Chowk Junction,Sector 33,Gurugram,2024-05-20,15:00,MCG Flood Control Room & GMDA OneMap,official_govt,https://onemapgurugram.gmda.gov.in/,high,0.0,0.0,0.0,0.0,0.0,DRY_20240520,213.9,3.3,9.89,718.1,Leg 1 Drain,121.1,National Highway,0,22,1,0,0,0.0,0,0,0,0
GWL_0029,28.45785,77.03388,Rajiv Chowk Junction,Sector 33,Gurugram,2024-11-05,11:00,MCG Flood Control Room & GMDA OneMap,official_govt,https://onemapgurugram.gmda.gov.in/,high,0.0,0.0,0.0,0.0,0.0,DRY_20241105,214.1,3.39,9.82,732.6,Leg 1 Drain,118.8,National Highway,0,22,1,0,0,0.0,0,0,0,0
GWL_0030,28.45896,77.03365,Rajiv Chowk Junction,Sector 33,Gurugram,2025-07-20,10:10,MCG Flood Control Room & GMDA OneMap,official_govt,https://onemapgurugram.gmda.gov.in/,high,40.0,72.0,98.0,115.0,48.0,EVT_20250720,214.1,0.76,9.42,735.9,Leg 1 Drain,130.9,National Highway,0,22,1,0,0,0.0,0,0,0,0
GWL_0031,28.45951,77.03139,Rajiv Chowk Junction,Sector 33,Gurugram,2023-07-09,05:00,MCG Flood Control Room & GMDA OneMap,official_govt,https://onemapgurugram.gmda.gov.in/,high,75.0,135.0,180.0,240.0,90.0,EVT_20230709,214.3,3.47,8.92,736.2,Leg 1 Drain,136.3,National Highway,0,22,1,1,1,16.1,71,0,1,0
GWL_0032,28.45991,77.03218,Rajiv Chowk Junction,Sector 33,Gurugram,2021-07-19,07:45,MCG Flood Control Room & GMDA OneMap,official_govt,https://onemapgurugram.gmda.gov.in/,high,62.0,118.0,155.0,185.0,75.0,EVT_20210719,214.0,2.87,9.71,724.7,Leg 1 Drain,137.4,National Highway,0,22,1,0,0,0.0,0,0,0,0
GWL_0033,28.45933,77.0326,Rajiv Chowk Junction,Sector 33,Gurugram,2024-08-11,16:20,MCG Flood Control Room & GMDA OneMap,official_govt,https://onemapgurugram.gmda.gov.in/,high,50.0,92.0,120.0,145.0,60.0,EVT_20240811,214.4,2.34,9.44,755.8,Leg 1 Drain,136.7,National Highway,0,22,1,0,0,0.0,0,0,0,0
GWL_0034,28.45881,77.03223,Rajiv Chowk Junction,Sector 33,Gurugram,2023-10-15,12:00,MCG Flood Control Room & GMDA OneMap,official_govt,https://onemapgurugram.gmda.gov.in/,high,0.0,0.0,0.0,0.0,0.0,DRY_20231015,213.9,2.11,8.98,700.1,Leg 1 Drain,126.3,National Highway,0,22,1,0,0,0.0,0,0,0,0
GWL_0035,28.45866,77.03287,Rajiv Chowk Junction,Sector 33,Gurugram,2021-09-01,06:30,MCG Flood Control Room & GMDA OneMap,official_govt,https://onemapgurugram.gmda.gov.in/,high,70.0,125.0,160.0,218.0,85.0,EVT_20210901,213.8,0.32,9.8,687.4,Leg 1 Drain,113.8,National Highway,0,22,1,0,0,0.0,0,0,0,0
GWL_0036,28.45937,77.03341,Rajiv Chowk Junction,Sector 33,Gurugram,2024-08-02,18:00,MCG Flood Control Room & GMDA OneMap,official_govt,https://onemapgurugram.gmda.gov.in/,high,4.0,8.0,12.0,15.0,5.0,LIGHT_20240802,214.0,2.26,8.99,692.1,Leg 1 Drain,125.9,National Highway,0,22,1,0,0,0.0,0,0,0,0
GWL_0037,28.45942,77.03301,Rajiv Chowk Junction,Sector 33,Gurugram,2025-08-15,14:00,MCG Flood Control Room & GMDA OneMap,official_govt,https://onemapgurugram.gmda.gov.in/,high,6.0,11.0,14.0,18.0,7.0,LIGHT_20250815,214.4,3.42,9.26,736.9,Leg 1 Drain,133.9,National Highway,0,22,1,0,0,0.0,0,0,0,0
GWL_0038,28.45861,77.03242,Rajiv Chowk Junction,Sector 33,Gurugram,2018-08-28,08:30,MCG Flood Control Room & GMDA OneMap,official_govt,https://onemapgurugram.gmda.gov.in/,high,45.0,82.0,115.0,132.0,55.0,EVT_20180828,213.9,0.28,9.9,714.9,Leg 1 Drain,130.9,National Highway,0,22,1,0,0,0.0,0,0,0,0
GWL_0039,28.45903,77.03162,Rajiv Chowk Junction,Sector 33,Gurugram,2024-08-02,18:00,MCG Flood Control Room & GMDA OneMap,official_govt,https://onemapgurugram.gmda.gov.in/,high,4.0,8.0,12.0,15.0,5.0,LIGHT_20240802,213.9,1.03,9.49,710.1,Leg 1 Drain,129.8,National Highway,0,22,1,0,0,0.0,0,0,0,0
GWL_0040,28.45864,77.03396,Rajiv Chowk Junction,Sector 33,Gurugram,2024-08-02,18:00,MCG Flood Control Room & GMDA OneMap,official_govt,https://onemapgurugram.gmda.gov.in/,high,4.0,8.0,12.0,15.0,5.0,LIGHT_20240802,214.4,2.03,9.35,740.8,Leg 1 Drain,117.4,National Highway,0,22,1,0,0,0.0,0,0,0,0
GWL_0041,28.47167,77.07337,IFFCO Chowk Underpass,Sector 29,Gurugram,2020-08-19,09:00,MCG Flood Control Room & GMDA OneMap,official_govt,https://onemapgurugram.gmda.gov.in/,high,58.0,105.0,142.0,168.0,70.0,EVT_20200819,215.6,4.25,8.3,860.2,Leg 2 Drain,96.1,Underpass,1,24,1,1,2,29.5,68,0,2,0
GWL_0042,28.47207,77.07252,IFFCO Chowk Underpass,Sector 29,Gurugram,2024-11-05,11:00,MCG Flood Control Room & GMDA OneMap,official_govt,https://onemapgurugram.gmda.gov.in/,high,0.0,0.0,0.0,0.0,0.0,DRY_20241105,215.7,6.19,8.84,859.9,Leg 2 Drain,76.4,Underpass,1,24,1,0,0,0.0,0,0,0,0
GWL_0043,28.47172,77.07298,IFFCO Chowk Underpass,Sector 29,Gurugram,2023-07-09,05:00,MCG Flood Control Room & GMDA OneMap,official_govt,https://onemapgurugram.gmda.gov.in/,high,75.0,135.0,180.0,240.0,90.0,EVT_20230709,216.0,7.62,8.26,862.8,Leg 2 Drain,94.3,Underpass,1,24,1,1,2,20.5,112,0,2,0
GWL_0044,28.47342,77.07283,IFFCO Chowk Underpass,Sector 29,Gurugram,2022-09-22,11:00,MCG Flood Control Room & GMDA OneMap,official_govt,https://onemapgurugram.gmda.gov.in/,high,28.0,52.0,85.0,110.0,35.0,EVT_20220922,215.9,6.52,8.69,889.2,Leg 2 Drain,86.6,Underpass,1,24,1,0,0,0.0,0,0,0,0
GWL_0045,28.47348,77.07382,IFFCO Chowk Underpass,Sector 29,Gurugram,2021-09-01,06:30,MCG Flood Control Room & GMDA OneMap,official_govt,https://onemapgurugram.gmda.gov.in/,high,70.0,125.0,160.0,218.0,85.0,EVT_20210901,215.8,4.55,8.2,846.8,Leg 2 Drain,95.5,Underpass,1,24,1,1,2,21.4,88,0,2,0
GWL_0046,28.47313,77.07117,IFFCO Chowk Underpass,Sector 29,Gurugram,2020-08-19,09:00,MCG Flood Control Room & GMDA OneMap,official_govt,https://onemapgurugram.gmda.gov.in/,high,58.0,105.0,142.0,168.0,70.0,EVT_20200819,216.3,4.65,8.68,910.7,Leg 2 Drain,101.3,Underpass,1,24,1,1,1,16.0,78,0,1,0
GWL_0047,28.47145,77.07163,IFFCO Chowk Underpass,Sector 29,Gurugram,2021-07-19,07:45,MCG Flood Control Room & GMDA OneMap,official_govt,https://onemapgurugram.gmda.gov.in/,high,62.0,118.0,155.0,185.0,75.0,EVT_20210719,216.2,9.45,8.43,891.9,Leg 2 Drain,98.3,Underpass,1,24,1,1,2,26.8,143,0,2,0
GWL_0048,28.47318,77.07239,IFFCO Chowk Underpass,Sector 29,Gurugram,2024-08-02,18:00,MCG Flood Control Room & GMDA OneMap,official_govt,https://onemapgurugram.gmda.gov.in/,high,4.0,8.0,12.0,15.0,5.0,LIGHT_20240802,216.2,4.57,8.92,897.2,Leg 2 Drain,99.8,Underpass,1,24,1,0,0,0.0,0,0,0,0
GWL_0049,28.47156,77.07379,IFFCO Chowk Underpass,Sector 29,Gurugram,2022-09-22,11:00,MCG Flood Control Room & GMDA OneMap,official_govt,https://onemapgurugram.gmda.gov.in/,high,28.0,52.0,85.0,110.0,35.0,EVT_20220922,215.9,8.98,8.23,864.3,Leg 2 Drain,103.5,Underpass,1,24,1,0,0,0.0,0,0,0,0
GWL_0050,28.47345,77.07282,IFFCO Chowk Underpass,Sector 29,Gurugram,2019-07-15,14:15,MCG Flood Control Room & GMDA OneMap,official_govt,https://onemapgurugram.gmda.gov.in/,high,32.0,58.0,74.0,89.0,40.0,EVT_20190715,216.1,5.61,8.39,895.4,Leg 2 Drain,97.6,Underpass,1,24,1,0,0,0.0,0,0,0,0
GWL_0051,28.47297,77.07347,IFFCO Chowk Underpass,Sector 29,Gurugram,2019-07-15,14:15,MCG Flood Control Room & GMDA OneMap,official_govt,https://onemapgurugram.gmda.gov.in/,high,32.0,58.0,74.0,89.0,40.0,EVT_20190715,215.7,4.32,8.77,852.2,Leg 2 Drain,101.6,Underpass,1,24,1,0,0,0.0,0,0,0,0
GWL_0052,28.47165,77.07145,IFFCO Chowk Underpass,Sector 29,Gurugram,2023-07-09,05:00,MCG Flood Control Room & GMDA OneMap,official_govt,https://onemapgurugram.gmda.gov.in/,high,75.0,135.0,180.0,240.0,90.0,EVT_20230709,215.7,7.4,8.32,837.9,Leg 2 Drain,96.0,Underpass,1,24,1,1,2,21.5,133,0,2,0
GWL_0053,28.47272,77.07134,IFFCO Chowk Underpass,Sector 29,Gurugram,2019-07-15,14:15,MCG Flood Control Room & GMDA OneMap,official_govt,https://onemapgurugram.gmda.gov.in/,high,32.0,58.0,74.0,89.0,40.0,EVT_20190715,215.7,6.06,8.59,867.0,Leg 2 Drain,103.4,Underpass,1,24,1,0,0,0.0,0,0,0,0
GWL_0054,28.47356,77.07336,IFFCO Chowk Underpass,Sector 29,Gurugram,2022-09-22,11:00,MCG Flood Control Room & GMDA OneMap,official_govt,https://onemapgurugram.gmda.gov.in/,high,28.0,52.0,85.0,110.0,35.0,EVT_20220922,215.9,8.27,8.7,868.5,Leg 2 Drain,102.2,Underpass,1,24,1,0,0,0.0,0,0,0,0
GWL_0055,28.47093,77.07258,IFFCO Chowk Underpass,Sector 29,Gurugram,2025-08-15,14:00,MCG Flood Control Room & GMDA OneMap,official_govt,https://onemapgurugram.gmda.gov.in/,high,6.0,11.0,14.0,18.0,7.0,LIGHT_20250815,215.6,4.31,8.38,830.7,Leg 2 Drain,94.5,Underpass,1,24,1,0,0,0.0,0,0,0,0
GWL_0056,28.47284,77.07285,IFFCO Chowk Underpass,Sector 29,Gurugram,2022-09-22,11:00,MCG Flood Control Room & GMDA OneMap,official_govt,https://onemapgurugram.gmda.gov.in/,high,28.0,52.0,85.0,110.0,35.0,EVT_20220922,216.4,5.57,8.81,902.9,Leg 2 Drain,103.9,Underpass,1,24,1,0,0,0.0,0,0,0,0
GWL_0057,28.47064,77.07401,IFFCO Chowk Underpass,Sector 29,Gurugram,2023-10-15,12:00,MCG Flood Control Room & GMDA OneMap,official_govt,https://onemapgurugram.gmda.gov.in/,high,0.0,0.0,0.0,0.0,0.0,DRY_20231015,215.6,6.9,9.25,829.0,Leg 2 Drain,91.6,Underpass,1,24,1,0,0,0.0,0,0,0,0
GWL_0058,28.47351,77.07267,IFFCO Chowk Underpass,Sector 29,Gurugram,2021-09-01,06:30,MCG Flood Control Room & GMDA OneMap,official_govt,https://onemapgurugram.gmda.gov.in/,high,70.0,125.0,160.0,218.0,85.0,EVT_20210901,216.1,6.5,8.69,891.9,Leg 2 Drain,102.0,Underpass,1,24,1,1,2,20.9,85,0,2,0
GWL_0059,28.47345,77.07377,IFFCO Chowk Underpass,Sector 29,Gurugram,2024-08-02,18:00,MCG Flood Control Room & GMDA OneMap,official_govt,https://onemapgurugram.gmda.gov.in/,high,4.0,8.0,12.0,15.0,5.0,LIGHT_20240802,216.0,5.53,8.29,878.5,Leg 2 Drain,85.6,Underpass,1,24,1,0,0,0.0,0,0,0,0
GWL_0060,28.47235,77.07133,IFFCO Chowk Underpass,Sector 29,Gurugram,2018-08-28,08:30,MCG Flood Control Room & GMDA OneMap,official_govt,https://onemapgurugram.gmda.gov.in/,high,45.0,82.0,115.0,132.0,55.0,EVT_20180828,216.4,7.84,8.48,906.4,Leg 2 Drain,99.4,Underpass,1,24,1,1,1,15.3,39,0,1,0
GWL_0061,28.46473,77.05907,Signature Tower Underpass,Sector 30,Gurugram,2024-11-05,11:00,MCG Flood Control Room & GMDA OneMap,official_govt,https://onemapgurugram.gmda.gov.in/,high,0.0,0.0,0.0,0.0,0.0,DRY_20241105,215.5,7.37,8.72,854.8,Leg 2 Drain,166.0,Underpass,1,19,1,0,0,0.0,0,0,0,0
GWL_0062,28.46214,77.05668,Signature Tower Underpass,Sector 30,Gurugram,2024-08-11,16:20,MCG Flood Control Room & GMDA OneMap,official_govt,https://onemapgurugram.gmda.gov.in/,high,50.0,92.0,120.0,145.0,60.0,EVT_20240811,215.0,9.43,8.65,798.8,Leg 2 Drain,151.4,Underpass,1,19,1,1,1,19.5,80,0,1,0
GWL_0063,28.46451,77.05801,Signature Tower Underpass,Sector 30,Gurugram,2025-07-20,10:10,MCG Flood Control Room & GMDA OneMap,official_govt,https://onemapgurugram.gmda.gov.in/,high,40.0,72.0,98.0,115.0,48.0,EVT_20250720,215.0,4.31,9.36,807.5,Leg 2 Drain,170.0,Underpass,1,19,1,1,1,19.9,63,0,1,0
GWL_0064,28.46431,77.05943,Signature Tower Underpass,Sector 30,Gurugram,2019-07-15,14:15,MCG Flood Control Room & GMDA OneMap,official_govt,https://onemapgurugram.gmda.gov.in/,high,32.0,58.0,74.0,89.0,40.0,EVT_20190715,215.4,6.48,8.47,847.2,Leg 2 Drain,158.2,Underpass,1,19,1,0,0,0.0,0,0,0,0
GWL_0065,28.46269,77.05862,Signature Tower Underpass,Sector 30,Gurugram,2023-07-09,05:00,MCG Flood Control Room & GMDA OneMap,official_govt,https://onemapgurugram.gmda.gov.in/,high,75.0,135.0,180.0,240.0,90.0,EVT_20230709,215.2,4.62,9.09,812.8,Leg 2 Drain,163.2,Underpass,1,19,1,1,2,30.4,136,0,2,0
GWL_0066,28.46366,77.05828,Signature Tower Underpass,Sector 30,Gurugram,2019-07-15,14:15,MCG Flood Control Room & GMDA OneMap,official_govt,https://onemapgurugram.gmda.gov.in/,high,32.0,58.0,74.0,89.0,40.0,EVT_20190715,215.4,4.74,8.37,839.2,Leg 2 Drain,158.6,Underpass,1,19,1,0,0,0.0,0,0,0,0
GWL_0067,28.46411,77.05724,Signature Tower Underpass,Sector 30,Gurugram,2025-07-20,10:10,MCG Flood Control Room & GMDA OneMap,official_govt,https://onemapgurugram.gmda.gov.in/,high,40.0,72.0,98.0,115.0,48.0,EVT_20250720,214.8,5.93,9.17,773.7,Leg 2 Drain,153.1,Underpass,1,19,1,1,1,18.6,50,0,1,0
GWL_0068,28.46354,77.05895,Signature Tower Underpass,Sector 30,Gurugram,2021-09-01,06:30,MCG Flood Control Room & GMDA OneMap,official_govt,https://onemapgurugram.gmda.gov.in/,high,70.0,125.0,160.0,218.0,85.0,EVT_20210901,215.0,8.74,9.45,780.9,Leg 2 Drain,167.8,Underpass,1,19,1,1,2,29.8,83,0,2,0
GWL_0069,28.46338,77.05954,Signature Tower Underpass,Sector 30,Gurugram,2025-08-15,14:00,MCG Flood Control Room & GMDA OneMap,official_govt,https://onemapgurugram.gmda.gov.in/,high,6.0,11.0,14.0,18.0,7.0,LIGHT_20250815,215.1,7.48,8.7,786.5,Leg 2 Drain,143.9,Underpass,1,19,1,0,0,0.0,0,0,0,0
GWL_0070,28.46238,77.05706,Signature Tower Underpass,Sector 30,Gurugram,2024-05-20,15:00,MCG Flood Control Room & GMDA OneMap,official_govt,https://onemapgurugram.gmda.gov.in/,high,0.0,0.0,0.0,0.0,0.0,DRY_20240520,214.8,5.0,8.93,793.9,Leg 2 Drain,154.2,Underpass,1,19,1,0,0,0.0,0,0,0,0
GWL_0071,28.464,77.05712,Signature Tower Underpass,Sector 30,Gurugram,2023-10-15,12:00,MCG Flood Control Room & GMDA OneMap,official_govt,https://onemapgurugram.gmda.gov.in/,high,0.0,0.0,0.0,0.0,0.0,DRY_20231015,214.9,4.93,8.82,773.6,Leg 2 Drain,142.7,Underpass,1,19,1,0,0,0.0,0,0,0,0
GWL_0072,28.46236,77.05798,Signature Tower Underpass,Sector 30,Gurugram,2025-08-15,14:00,MCG Flood Control Room & GMDA OneMap,official_govt,https://onemapgurugram.gmda.gov.in/,high,6.0,11.0,14.0,18.0,7.0,LIGHT_20250815,214.9,6.77,9.23,768.1,Leg 2 Drain,164.0,Underpass,1,19,1,0,0,0.0,0,0,0,0
GWL_0073,28.46388,77.05685,Signature Tower Underpass,Sector 30,Gurugram,2022-09-22,11:00,MCG Flood Control Room & GMDA OneMap,official_govt,https://onemapgurugram.gmda.gov.in/,high,28.0,52.0,85.0,110.0,35.0,EVT_20220922,215.4,4.34,8.62,841.2,Leg 2 Drain,162.4,Underpass,1,19,1,0,0,0.0,0,0,0,0
GWL_0074,28.46255,77.05723,Signature Tower Underpass,Sector 30,Gurugram,2023-10-15,12:00,MCG Flood Control Room & GMDA OneMap,official_govt,https://onemapgurugram.gmda.gov.in/,high,0.0,0.0,0.0,0.0,0.0,DRY_20231015,215.0,7.4,8.87,793.5,Leg 2 Drain,162.4,Underpass,1,19,1,0,0,0.0,0,0,0,0
GWL_0075,28.46211,77.05736,Signature Tower Underpass,Sector 30,Gurugram,2021-07-19,07:45,MCG Flood Control Room & GMDA OneMap,official_govt,https://onemapgurugram.gmda.gov.in/,high,62.0,118.0,155.0,185.0,75.0,EVT_20210719,215.3,6.81,8.91,804.8,Leg 2 Drain,153.4,Underpass,1,19,1,1,2,30.7,81,0,2,0
GWL_0076,28.46281,77.05773,Signature Tower Underpass,Sector 30,Gurugram,2024-11-05,11:00,MCG Flood Control Room & GMDA OneMap,official_govt,https://onemapgurugram.gmda.gov.in/,high,0.0,0.0,0.0,0.0,0.0,DRY_20241105,214.7,5.16,8.95,754.3,Leg 2 Drain,166.7,Underpass,1,19,1,0,0,0.0,0,0,0,0
GWL_0077,28.46378,77.05864,Signature Tower Underpass,Sector 30,Gurugram,2019-07-15,14:15,MCG Flood Control Room & GMDA OneMap,official_govt,https://onemapgurugram.gmda.gov.in/,high,32.0,58.0,74.0,89.0,40.0,EVT_20190715,215.3,4.48,8.92,824.0,Leg 2 Drain,162.4,Underpass,1,19,1,0,0,0.0,0,0,0,0
GWL_0078,28.46329,77.05698,Signature Tower Underpass,Sector 30,Gurugram,2018-08-28,08:30,MCG Flood Control Room & GMDA OneMap,official_govt,https://onemapgurugram.gmda.gov.in/,high,45.0,82.0,115.0,132.0,55.0,EVT_20180828,214.9,7.55,9.11,780.7,Leg 2 Drain,169.6,Underpass,1,19,1,1,1,14.1,44,0,1,0
GWL_0079,28.46231,77.05706,Signature Tower Underpass,Sector 30,Gurugram,2024-05-20,15:00,MCG Flood Control Room & GMDA OneMap,official_govt,https://onemapgurugram.gmda.gov.in/,high,0.0,0.0,0.0,0.0,0.0,DRY_20240520,214.9,5.03,8.83,773.4,Leg 2 Drain,166.9,Underpass,1,19,1,0,0,0.0,0,0,0,0
GWL_0080,28.46224,77.05817,Signature Tower Underpass,Sector 30,Gurugram,2021-07-19,07:45,MCG Flood Control Room & GMDA OneMap,official_govt,https://onemapgurugram.gmda.gov.in/,high,62.0,118.0,155.0,185.0,75.0,EVT_20210719,215.0,4.62,8.9,813.8,Leg 2 Drain,166.0,Underpass,1,19,1,1,2,36.3,83,0,2,0
GWL_0081,28.42741,77.04301,Subhash Chowk,Sector 47,Gurugram,2024-08-02,18:00,MCG Flood Control Room & GMDA OneMap,official_govt,https://onemapgurugram.gmda.gov.in/,high,4.0,8.0,12.0,15.0,5.0,LIGHT_20240802,213.1,2.04,9.83,624.7,Badshahpur Drain,103.1,Master Arterial,0,21,1,0,0,0.0,0,0,0,0
GWL_0082,28.42746,77.04197,Subhash Chowk,Sector 47,Gurugram,2021-09-01,06:30,MCG Flood Control Room & GMDA OneMap,official_govt,https://onemapgurugram.gmda.gov.in/,high,70.0,125.0,160.0,218.0,85.0,EVT_20210901,212.7,1.88,9.66,584.1,Badshahpur Drain,98.3,Master Arterial,0,21,1,1,1,9.3,64,0,1,0
GWL_0083,28.42736,77.04244,Subhash Chowk,Sector 47,Gurugram,2019-07-15,14:15,MCG Flood Control Room & GMDA OneMap,official_govt,https://onemapgurugram.gmda.gov.in/,high,32.0,58.0,74.0,89.0,40.0,EVT_20190715,212.8,0.37,9.72,593.4,Badshahpur Drain,81.9,Master Arterial,0,21,1,0,0,0.0,0,0,0,0
GWL_0084,28.42987,77.04197,Subhash Chowk,Sector 47,Gurugram,2025-08-15,14:00,MCG Flood Control Room & GMDA OneMap,official_govt,https://onemapgurugram.gmda.gov.in/,high,6.0,11.0,14.0,18.0,7.0,LIGHT_20250815,213.0,1.04,9.98,635.4,Badshahpur Drain,97.9,Master Arterial,0,21,1,0,0,0.0,0,0,0,0
GWL_0085,28.42831,77.04224,Subhash Chowk,Sector 47,Gurugram,2021-07-19,07:45,MCG Flood Control Room & GMDA OneMap,official_govt,https://onemapgurugram.gmda.gov.in/,high,62.0,118.0,155.0,185.0,75.0,EVT_20210719,212.7,3.27,10.25,618.1,Badshahpur Drain,83.7,Master Arterial,0,21,1,1,1,16.0,86,0,1,0
GWL_0086,28.42744,77.0412,Subhash Chowk,Sector 47,Gurugram,2025-08-15,14:00,MCG Flood Control Room & GMDA OneMap,official_govt,https://onemapgurugram.gmda.gov.in/,high,6.0,11.0,14.0,18.0,7.0,LIGHT_20250815,213.0,2.1,10.14,610.6,Badshahpur Drain,103.9,Master Arterial,0,21,1,0,0,0.0,0,0,0,0
GWL_0087,28.4275,77.04149,Subhash Chowk,Sector 47,Gurugram,2019-07-15,14:15,MCG Flood Control Room & GMDA OneMap,official_govt,https://onemapgurugram.gmda.gov.in/,high,32.0,58.0,74.0,89.0,40.0,EVT_20190715,212.5,2.89,10.17,583.4,Badshahpur Drain,90.8,Master Arterial,0,21,1,0,0,0.0,0,0,0,0
GWL_0088,28.42953,77.04218,Subhash Chowk,Sector 47,Gurugram,2023-07-09,05:00,MCG Flood Control Room & GMDA OneMap,official_govt,https://onemapgurugram.gmda.gov.in/,high,75.0,135.0,180.0,240.0,90.0,EVT_20230709,213.1,1.65,9.64,632.0,Badshahpur Drain,89.0,Master Arterial,0,21,1,1,1,16.2,60,0,1,0
GWL_0089,28.4276,77.0437,Subhash Chowk,Sector 47,Gurugram,2021-09-01,06:30,MCG Flood Control Room & GMDA OneMap,official_govt,https://onemapgurugram.gmda.gov.in/,high,70.0,125.0,160.0,218.0,85.0,EVT_20210901,212.7,1.99,10.33,604.5,Badshahpur Drain,83.5,Master Arterial,0,21,1,1,1,19.1,67,0,1,0
GWL_0090,28.4279,77.04142,Subhash Chowk,Sector 47,Gurugram,2024-08-11,16:20,MCG Flood Control Room & GMDA OneMap,official_govt,https://onemapgurugram.gmda.gov.in/,high,50.0,92.0,120.0,145.0,60.0,EVT_20240811,213.0,2.25,9.83,640.8,Badshahpur Drain,103.7,Master Arterial,0,21,1,0,0,0.0,0,0,0,0
GWL_0091,28.42736,77.04194,Subhash Chowk,Sector 47,Gurugram,2024-05-20,15:00,MCG Flood Control Room & GMDA OneMap,official_govt,https://onemapgurugram.gmda.gov.in/,high,0.0,0.0,0.0,0.0,0.0,DRY_20240520,212.6,2.66,9.49,593.8,Badshahpur Drain,102.9,Master Arterial,0,21,1,0,0,0.0,0,0,0,0
GWL_0092,28.42953,77.04203,Subhash Chowk,Sector 47,Gurugram,2025-08-15,14:00,MCG Flood Control Room & GMDA OneMap,official_govt,https://onemapgurugram.gmda.gov.in/,high,6.0,11.0,14.0,18.0,7.0,LIGHT_20250815,213.1,0.57,10.11,618.6,Badshahpur Drain,91.9,Master Arterial,0,21,1,0,0,0.0,0,0,0,0
GWL_0093,28.42929,77.04145,Subhash Chowk,Sector 47,Gurugram,2022-09-22,11:00,MCG Flood Control Room & GMDA OneMap,official_govt,https://onemapgurugram.gmda.gov.in/,high,28.0,52.0,85.0,110.0,35.0,EVT_20220922,212.6,2.58,10.18,596.6,Badshahpur Drain,100.8,Master Arterial,0,21,1,0,0,0.0,0,0,0,0
GWL_0094,28.42853,77.04176,Subhash Chowk,Sector 47,Gurugram,2020-08-19,09:00,MCG Flood Control Room & GMDA OneMap,official_govt,https://onemapgurugram.gmda.gov.in/,high,58.0,105.0,142.0,168.0,70.0,EVT_20200819,212.7,0.8,10.33,602.8,Badshahpur Drain,92.0,Master Arterial,0,21,1,0,0,0.0,0,0,0,0
GWL_0095,28.42829,77.04384,Subhash Chowk,Sector 47,Gurugram,2022-09-22,11:00,MCG Flood Control Room & GMDA OneMap,official_govt,https://onemapgurugram.gmda.gov.in/,high,28.0,52.0,85.0,110.0,35.0,EVT_20220922,212.5,2.13,10.01,587.0,Badshahpur Drain,80.5,Master Arterial,0,21,1,0,0,0.0,0,0,0,0
GWL_0096,28.42952,77.0438,Subhash Chowk,Sector 47,Gurugram,2022-09-22,11:00,MCG Flood Control Room & GMDA OneMap,official_govt,https://onemapgurugram.gmda.gov.in/,high,28.0,52.0,85.0,110.0,35.0,EVT_20220922,212.9,2.5,10.26,624.8,Badshahpur Drain,84.6,Master Arterial,0,21,1,0,0,0.0,0,0,0,0
GWL_0097,28.42863,77.04282,Subhash Chowk,Sector 47,Gurugram,2021-07-19,07:45,MCG Flood Control Room & GMDA OneMap,official_govt,https://onemapgurugram.gmda.gov.in/,high,62.0,118.0,155.0,185.0,75.0,EVT_20210719,212.7,2.63,10.35,616.5,Badshahpur Drain,93.5,Master Arterial,0,21,1,1,1,6.7,89,0,1,0
GWL_0098,28.42942,77.04137,Subhash Chowk,Sector 47,Gurugram,2024-05-20,15:00,MCG Flood Control Room & GMDA OneMap,official_govt,https://onemapgurugram.gmda.gov.in/,high,0.0,0.0,0.0,0.0,0.0,DRY_20240520,213.1,3.07,9.78,637.2,Badshahpur Drain,92.0,Master Arterial,0,21,1,0,0,0.0,0,0,0,0
GWL_0099,28.42706,77.04201,Subhash Chowk,Sector 47,Gurugram,2021-09-01,06:30,MCG Flood Control Room & GMDA OneMap,official_govt,https://onemapgurugram.gmda.gov.in/,high,70.0,125.0,160.0,218.0,85.0,EVT_20210901,213.0,0.22,9.63,620.9,Badshahpur Drain,96.1,Master Arterial,0,21,1,1,1,18.8,50,0,1,0
GWL_0100,28.42794,77.04321,Subhash Chowk,Sector 47,Gurugram,2024-11-05,11:00,MCG Flood Control Room & GMDA OneMap,official_govt,https://onemapgurugram.gmda.gov.in/,high,0.0,0.0,0.0,0.0,0.0,DRY_20241105,212.8,0.94,9.83,593.6,Badshahpur Drain,85.3,Master Arterial,0,21,1,0,0,0.0,0,0,0,0
GWL_0101,28.4482,77.09806,Golf Course Road Underpass (Genpact),Sector 53,Gurugram,2024-05-20,15:00,MCG Flood Control Room & GMDA OneMap,official_govt,https://onemapgurugram.gmda.gov.in/,high,0.0,0.0,0.0,0.0,0.0,DRY_20240520,219.3,7.19,7.41,1141.0,Sectors 53-54 Trunk Drain,69.9,Underpass,1,18,1,0,0,0.0,0,0,0,0
GWL_0102,28.44723,77.09968,Golf Course Road Underpass (Genpact),Sector 53,Gurugram,2024-05-20,15:00,MCG Flood Control Room & GMDA OneMap,official_govt,https://onemapgurugram.gmda.gov.in/,high,0.0,0.0,0.0,0.0,0.0,DRY_20240520,218.7,4.47,8.02,1109.6,Sectors 53-54 Trunk Drain,67.9,Underpass,1,18,1,0,0,0.0,0,0,0,0
GWL_0103,28.4469,77.09905,Golf Course Road Underpass (Genpact),Sector 53,Gurugram,2019-07-15,14:15,MCG Flood Control Room & GMDA OneMap,official_govt,https://onemapgurugram.gmda.gov.in/,high,32.0,58.0,74.0,89.0,40.0,EVT_20190715,218.8,5.13,7.17,1099.5,Sectors 53-54 Trunk Drain,64.2,Underpass,1,18,1,0,0,0.0,0,0,0,0
GWL_0104,28.44839,77.097,Golf Course Road Underpass (Genpact),Sector 53,Gurugram,2023-10-15,12:00,MCG Flood Control Room & GMDA OneMap,official_govt,https://onemapgurugram.gmda.gov.in/,high,0.0,0.0,0.0,0.0,0.0,DRY_20231015,219.2,6.88,7.26,1148.0,Sectors 53-54 Trunk Drain,66.8,Underpass,1,18,1,0,0,0.0,0,0,0,0
GWL_0105,28.44717,77.09735,Golf Course Road Underpass (Genpact),Sector 53,Gurugram,2024-05-20,15:00,MCG Flood Control Room & GMDA OneMap,official_govt,https://onemapgurugram.gmda.gov.in/,high,0.0,0.0,0.0,0.0,0.0,DRY_20240520,219.3,6.05,7.05,1166.3,Sectors 53-54 Trunk Drain,62.3,Underpass,1,18,1,0,0,0.0,0,0,0,0
GWL_0106,28.44678,77.09727,Golf Course Road Underpass (Genpact),Sector 53,Gurugram,2020-08-19,09:00,MCG Flood Control Room & GMDA OneMap,official_govt,https://onemapgurugram.gmda.gov.in/,high,58.0,105.0,142.0,168.0,70.0,EVT_20200819,219.2,4.15,7.04,1141.2,Sectors 53-54 Trunk Drain,70.2,Underpass,1,18,1,1,1,5.3,36,0,1,0
GWL_0107,28.4491,77.09734,Golf Course Road Underpass (Genpact),Sector 53,Gurugram,2025-07-20,10:10,MCG Flood Control Room & GMDA OneMap,official_govt,https://onemapgurugram.gmda.gov.in/,high,40.0,72.0,98.0,115.0,48.0,EVT_20250720,219.1,4.55,7.1,1152.4,Sectors 53-54 Trunk Drain,75.7,Underpass,1,18,1,0,0,0.0,0,0,0,0
GWL_0108,28.44919,77.09799,Golf Course Road Underpass (Genpact),Sector 53,Gurugram,2024-11-05,11:00,MCG Flood Control Room & GMDA OneMap,official_govt,https://onemapgurugram.gmda.gov.in/,high,0.0,0.0,0.0,0.0,0.0,DRY_20241105,219.1,5.61,7.76,1124.0,Sectors 53-54 Trunk Drain,52.6,Underpass,1,18,1,0,0,0.0,0,0,0,0
GWL_0109,28.44732,77.09688,Golf Course Road Underpass (Genpact),Sector 53,Gurugram,2021-07-19,07:45,MCG Flood Control Room & GMDA OneMap,official_govt,https://onemapgurugram.gmda.gov.in/,high,62.0,118.0,155.0,185.0,75.0,EVT_20210719,218.7,6.32,7.91,1122.2,Sectors 53-54 Trunk Drain,60.3,Underpass,1,18,1,1,1,8.9,52,0,1,0
GWL_0110,28.44847,77.0976,Golf Course Road Underpass (Genpact),Sector 53,Gurugram,2020-08-19,09:00,MCG Flood Control Room & GMDA OneMap,official_govt,https://onemapgurugram.gmda.gov.in/,high,58.0,105.0,142.0,168.0,70.0,EVT_20200819,219.1,7.04,7.3,1135.3,Sectors 53-54 Trunk Drain,78.5,Underpass,1,18,1,1,1,16.5,38,0,1,0
GWL_0111,28.44931,77.09826,Golf Course Road Underpass (Genpact),Sector 53,Gurugram,2024-08-11,16:20,MCG Flood Control Room & GMDA OneMap,official_govt,https://onemapgurugram.gmda.gov.in/,high,50.0,92.0,120.0,145.0,60.0,EVT_20240811,219.3,6.34,6.8,1151.2,Sectors 53-54 Trunk Drain,66.2,Underpass,1,18,1,1,1,14.5,45,0,1,0
GWL_0112,28.44712,77.0993,Golf Course Road Underpass (Genpact),Sector 53,Gurugram,2023-07-09,05:00,MCG Flood Control Room & GMDA OneMap,official_govt,https://onemapgurugram.gmda.gov.in/,high,75.0,135.0,180.0,240.0,90.0,EVT_20230709,219.4,4.94,7.01,1149.7,Sectors 53-54 Trunk Drain,77.4,Underpass,1,18,1,1,2,22.4,111,0,2,0
GWL_0113,28.44752,77.09846,Golf Course Road Underpass (Genpact),Sector 53,Gurugram,2021-09-01,06:30,MCG Flood Control Room & GMDA OneMap,official_govt,https://onemapgurugram.gmda.gov.in/,high,70.0,125.0,160.0,218.0,85.0,EVT_20210901,219.1,5.14,6.87,1129.0,Sectors 53-54 Trunk Drain,77.0,Underpass,1,18,1,1,1,18.1,65,0,1,0
GWL_0114,28.4485,77.0988,Golf Course Road Underpass (Genpact),Sector 53,Gurugram,2024-05-20,15:00,MCG Flood Control Room & GMDA OneMap,official_govt,https://onemapgurugram.gmda.gov.in/,high,0.0,0.0,0.0,0.0,0.0,DRY_20240520,218.7,6.3,7.4,1110.3,Sectors 53-54 Trunk Drain,51.4,Underpass,1,18,1,0,0,0.0,0,0,0,0
GWL_0115,28.4472,77.09901,Golf Course Road Underpass (Genpact),Sector 53,Gurugram,2024-11-05,11:00,MCG Flood Control Room & GMDA OneMap,official_govt,https://onemapgurugram.gmda.gov.in/,high,0.0,0.0,0.0,0.0,0.0,DRY_20241105,218.7,5.35,7.41,1101.0,Sectors 53-54 Trunk Drain,60.7,Underpass,1,18,1,0,0,0.0,0,0,0,0
GWL_0116,28.44886,77.09769,Golf Course Road Underpass (Genpact),Sector 53,Gurugram,2025-07-20,10:10,MCG Flood Control Room & GMDA OneMap,official_govt,https://onemapgurugram.gmda.gov.in/,high,40.0,72.0,98.0,115.0,48.0,EVT_20250720,219.1,7.65,7.8,1152.8,Sectors 53-54 Trunk Drain,56.4,Underpass,1,18,1,0,0,0.0,0,0,0,0
GWL_0117,28.44679,77.09759,Golf Course Road Underpass (Genpact),Sector 53,Gurugram,2021-07-19,07:45,MCG Flood Control Room & GMDA OneMap,official_govt,https://onemapgurugram.gmda.gov.in/,high,62.0,118.0,155.0,185.0,75.0,EVT_20210719,219.1,6.73,7.46,1136.9,Sectors 53-54 Trunk Drain,73.1,Underpass,1,18,1,1,1,6.6,34,0,1,0
GWL_0118,28.44888,77.09829,Golf Course Road Underpass (Genpact),Sector 53,Gurugram,2024-05-20,15:00,MCG Flood Control Room & GMDA OneMap,official_govt,https://onemapgurugram.gmda.gov.in/,high,0.0,0.0,0.0,0.0,0.0,DRY_20240520,219.2,5.36,7.64,1164.0,Sectors 53-54 Trunk Drain,70.8,Underpass,1,18,1,0,0,0.0,0,0,0,0
GWL_0119,28.44752,77.09857,Golf Course Road Underpass (Genpact),Sector 53,Gurugram,2022-09-22,11:00,MCG Flood Control Room & GMDA OneMap,official_govt,https://onemapgurugram.gmda.gov.in/,high,28.0,52.0,85.0,110.0,35.0,EVT_20220922,218.9,9.05,7.08,1144.5,Sectors 53-54 Trunk Drain,63.4,Underpass,1,18,1,0,0,0.0,0,0,0,0
GWL_0120,28.44726,77.09843,Golf Course Road Underpass (Genpact),Sector 53,Gurugram,2025-08-15,14:00,MCG Flood Control Room & GMDA OneMap,official_govt,https://onemapgurugram.gmda.gov.in/,high,6.0,11.0,14.0,18.0,7.0,LIGHT_20250815,219.3,8.44,7.44,1168.2,Sectors 53-54 Trunk Drain,75.5,Underpass,1,18,1,0,0,0.0,0,0,0,0
GWL_0121,28.39685,77.05427,Golf Course Extension Road (Vatika Chowk),Sector 66,Gurugram,2024-08-02,18:00,MCG Flood Control Room & GMDA OneMap,official_govt,https://onemapgurugram.gmda.gov.in/,high,4.0,8.0,12.0,15.0,5.0,LIGHT_20240802,210.0,3.46,11.44,351.6,Badshahpur Drain,46.2,Master Arterial,0,25,1,0,0,0.0,0,0,0,0
GWL_0122,28.39888,77.05334,Golf Course Extension Road (Vatika Chowk),Sector 66,Gurugram,2024-08-02,18:00,MCG Flood Control Room & GMDA OneMap,official_govt,https://onemapgurugram.gmda.gov.in/,high,4.0,8.0,12.0,15.0,5.0,LIGHT_20240802,210.3,3.22,10.41,403.4,Badshahpur Drain,33.9,Master Arterial,0,25,1,0,0,0.0,0,0,0,0
GWL_0123,28.39887,77.05571,Golf Course Extension Road (Vatika Chowk),Sector 66,Gurugram,2018-08-28,08:30,MCG Flood Control Room & GMDA OneMap,official_govt,https://onemapgurugram.gmda.gov.in/,high,45.0,82.0,115.0,132.0,55.0,EVT_20180828,210.6,1.76,11.12,434.8,Badshahpur Drain,34.6,Master Arterial,0,25,1,0,0,0.0,0,0,0,0
GWL_0124,28.39859,77.05291,Golf Course Extension Road (Vatika Chowk),Sector 66,Gurugram,2021-07-19,07:45,MCG Flood Control Room & GMDA OneMap,official_govt,https://onemapgurugram.gmda.gov.in/,high,62.0,118.0,155.0,185.0,75.0,EVT_20210719,210.3,0.96,10.5,378.6,Badshahpur Drain,45.9,Master Arterial,0,25,1,1,1,10.1,73,0,1,0
GWL_0125,28.3963,77.05375,Golf Course Extension Road (Vatika Chowk),Sector 66,Gurugram,2025-08-15,14:00,MCG Flood Control Room & GMDA OneMap,official_govt,https://onemapgurugram.gmda.gov.in/,high,6.0,11.0,14.0,18.0,7.0,LIGHT_20250815,210.2,2.81,10.74,392.0,Badshahpur Drain,51.6,Master Arterial,0,25,1,0,0,0.0,0,0,0,0
GWL_0126,28.39795,77.0535,Golf Course Extension Road (Vatika Chowk),Sector 66,Gurugram,2018-08-28,08:30,MCG Flood Control Room & GMDA OneMap,official_govt,https://onemapgurugram.gmda.gov.in/,high,45.0,82.0,115.0,132.0,55.0,EVT_20180828,209.8,3.07,10.6,368.0,Badshahpur Drain,40.9,Master Arterial,0,25,1,0,0,0.0,0,0,0,0
GWL_0127,28.39892,77.0552,Golf Course Extension Road (Vatika Chowk),Sector 66,Gurugram,2024-08-02,18:00,MCG Flood Control Room & GMDA OneMap,official_govt,https://onemapgurugram.gmda.gov.in/,high,4.0,8.0,12.0,15.0,5.0,LIGHT_20240802,210.6,1.36,11.03,417.1,Badshahpur Drain,39.4,Master Arterial,0,25,1,0,0,0.0,0,0,0,0
GWL_0128,28.39798,77.05542,Golf Course Extension Road (Vatika Chowk),Sector 66,Gurugram,2022-09-22,11:00,MCG Flood Control Room & GMDA OneMap,official_govt,https://onemapgurugram.gmda.gov.in/,high,28.0,52.0,85.0,110.0,35.0,EVT_20220922,210.6,2.74,10.68,417.9,Badshahpur Drain,47.1,Master Arterial,0,25,1,0,0,0.0,0,0,0,0
GWL_0129,28.39682,77.05313,Golf Course Extension Road (Vatika Chowk),Sector 66,Gurugram,2023-07-09,05:00,MCG Flood Control Room & GMDA OneMap,official_govt,https://onemapgurugram.gmda.gov.in/,high,75.0,135.0,180.0,240.0,90.0,EVT_20230709,210.1,1.15,10.76,367.8,Badshahpur Drain,26.3,Master Arterial,0,25,1,1,2,20.4,148,0,2,0
GWL_0130,28.39738,77.05395,Golf Course Extension Road (Vatika Chowk),Sector 66,Gurugram,2021-09-01,06:30,MCG Flood Control Room & GMDA OneMap,official_govt,https://onemapgurugram.gmda.gov.in/,high,70.0,125.0,160.0,218.0,85.0,EVT_20210901,210.3,0.92,11.33,407.0,Badshahpur Drain,27.7,Master Arterial,0,25,1,1,1,11.3,82,0,1,0
GWL_0131,28.39893,77.0542,Golf Course Extension Road (Vatika Chowk),Sector 66,Gurugram,2019-07-15,14:15,MCG Flood Control Room & GMDA OneMap,official_govt,https://onemapgurugram.gmda.gov.in/,high,32.0,58.0,74.0,89.0,40.0,EVT_20190715,210.3,0.75,11.37,384.8,Badshahpur Drain,53.3,Master Arterial,0,25,1,0,0,0.0,0,0,0,0
GWL_0132,28.39805,77.05462,Golf Course Extension Road (Vatika Chowk),Sector 66,Gurugram,2021-07-19,07:45,MCG Flood Control Room & GMDA OneMap,official_govt,https://onemapgurugram.gmda.gov.in/,high,62.0,118.0,155.0,185.0,75.0,EVT_20210719,210.2,0.96,10.6,375.8,Badshahpur Drain,30.6,Master Arterial,0,25,1,1,1,16.7,51,0,1,0
GWL_0133,28.39627,77.05571,Golf Course Extension Road (Vatika Chowk),Sector 66,Gurugram,2023-10-15,12:00,MCG Flood Control Room & GMDA OneMap,official_govt,https://onemapgurugram.gmda.gov.in/,high,0.0,0.0,0.0,0.0,0.0,DRY_20231015,210.5,3.26,11.29,399.5,Badshahpur Drain,36.9,Master Arterial,0,25,1,0,0,0.0,0,0,0,0
GWL_0134,28.39837,77.05489,Golf Course Extension Road (Vatika Chowk),Sector 66,Gurugram,2024-11-05,11:00,MCG Flood Control Room & GMDA OneMap,official_govt,https://onemapgurugram.gmda.gov.in/,high,0.0,0.0,0.0,0.0,0.0,DRY_20241105,209.9,2.89,10.76,350.5,Badshahpur Drain,41.1,Master Arterial,0,25,1,0,0,0.0,0,0,0,0
GWL_0135,28.39788,77.05454,Golf Course Extension Road (Vatika Chowk),Sector 66,Gurugram,2022-09-22,11:00,MCG Flood Control Room & GMDA OneMap,official_govt,https://onemapgurugram.gmda.gov.in/,high,28.0,52.0,85.0,110.0,35.0,EVT_20220922,209.9,3.1,10.81,346.7,Badshahpur Drain,51.7,Master Arterial,0,25,1,0,0,0.0,0,0,0,0
GWL_0136,28.39897,77.05539,Golf Course Extension Road (Vatika Chowk),Sector 66,Gurugram,2021-07-19,07:45,MCG Flood Control Room & GMDA OneMap,official_govt,https://onemapgurugram.gmda.gov.in/,high,62.0,118.0,155.0,185.0,75.0,EVT_20210719,210.4,2.36,10.89,387.5,Badshahpur Drain,37.3,Master Arterial,0,25,1,1,1,10.6,45,0,1,0
GWL_0137,28.39827,77.05429,Golf Course Extension Road (Vatika Chowk),Sector 66,Gurugram,2024-05-20,15:00,MCG Flood Control Room & GMDA OneMap,official_govt,https://onemapgurugram.gmda.gov.in/,high,0.0,0.0,0.0,0.0,0.0,DRY_20240520,209.9,0.93,11.22,344.5,Badshahpur Drain,50.5,Master Arterial,0,25,1,0,0,0.0,0,0,0,0
GWL_0138,28.39759,77.05424,Golf Course Extension Road (Vatika Chowk),Sector 66,Gurugram,2024-08-11,16:20,MCG Flood Control Room & GMDA OneMap,official_govt,https://onemapgurugram.gmda.gov.in/,high,50.0,92.0,120.0,145.0,60.0,EVT_20240811,210.3,2.92,10.73,402.6,Badshahpur Drain,42.0,Master Arterial,0,25,1,1,1,9.0,82,0,1,0
GWL_0139,28.39849,77.05478,Golf Course Extension Road (Vatika Chowk),Sector 66,Gurugram,2023-07-09,05:00,MCG Flood Control Room & GMDA OneMap,official_govt,https://onemapgurugram.gmda.gov.in/,high,75.0,135.0,180.0,240.0,90.0,EVT_20230709,210.5,3.06,11.01,426.0,Badshahpur Drain,45.9,Master Arterial,0,25,1,1,1,15.2,67,0,1,0
GWL_0140,28.39836,77.05328,Golf Course Extension Road (Vatika Chowk),Sector 66,Gurugram,2024-05-20,15:00,MCG Flood Control Room & GMDA OneMap,official_govt,https://onemapgurugram.gmda.gov.in/,high,0.0,0.0,0.0,0.0,0.0,DRY_20240520,210.5,3.08,10.33,425.5,Badshahpur Drain,28.9,Master Arterial,0,25,1,0,0,0.0,0,0,0,0
GWL_0141,28.43841,77.04083,Medanta Underpass / CH Bakhtawar Singh Road,Sector 38,Gurugram,2024-08-11,16:20,MCG Flood Control Room & GMDA OneMap,official_govt,https://onemapgurugram.gmda.gov.in/,high,50.0,92.0,120.0,145.0,60.0,EVT_20240811,212.7,8.58,9.93,579.8,Leg 1 Drain,208.6,Underpass,1,15,1,1,1,14.3,88,0,1,0
GWL_0142,28.4393,77.03938,Medanta Underpass / CH Bakhtawar Singh Road,Sector 38,Gurugram,2020-08-19,09:00,MCG Flood Control Room & GMDA OneMap,official_govt,https://onemapgurugram.gmda.gov.in/,high,58.0,105.0,142.0,168.0,70.0,EVT_20200819,213.1,8.29,9.37,643.9,Leg 1 Drain,216.2,Underpass,1,15,1,1,2,39.3,90,0,2,0
GWL_0143,28.4393,77.0414,Medanta Underpass / CH Bakhtawar Singh Road,Sector 38,Gurugram,2021-09-01,06:30,MCG Flood Control Room & GMDA OneMap,official_govt,https://onemapgurugram.gmda.gov.in/,high,70.0,125.0,160.0,218.0,85.0,EVT_20210901,212.7,7.78,9.49,591.5,Leg 1 Drain,221.2,Underpass,1,15,1,1,2,21.3,112,0,2,0
GWL_0144,28.43844,77.04046,Medanta Underpass / CH Bakhtawar Singh Road,Sector 38,Gurugram,2020-08-19,09:00,MCG Flood Control Room & GMDA OneMap,official_govt,https://onemapgurugram.gmda.gov.in/,high,58.0,105.0,142.0,168.0,70.0,EVT_20200819,212.6,9.35,10.43,601.0,Leg 1 Drain,203.9,Underpass,1,15,1,1,2,35.2,62,0,2,0
GWL_0145,28.43747,77.03957,Medanta Underpass / CH Bakhtawar Singh Road,Sector 38,Gurugram,2021-07-19,07:45,MCG Flood Control Room & GMDA OneMap,official_govt,https://onemapgurugram.gmda.gov.in/,high,62.0,118.0,155.0,185.0,75.0,EVT_20210719,213.0,7.76,9.75,615.9,Leg 1 Drain,229.9,Underpass,1,15,1,1,2,28.5,100,0,2,0
GWL_0146,28.43789,77.04098,Medanta Underpass / CH Bakhtawar Singh Road,Sector 38,Gurugram,2024-11-05,11:00,MCG Flood Control Room & GMDA OneMap,official_govt,https://onemapgurugram.gmda.gov.in/,high,0.0,0.0,0.0,0.0,0.0,DRY_20241105,213.2,4.45,9.9,648.2,Leg 1 Drain,208.2,Underpass,1,15,1,0,0,0.0,0,0,0,0
GWL_0147,28.44025,77.03905,Medanta Underpass / CH Bakhtawar Singh Road,Sector 38,Gurugram,2025-07-20,10:10,MCG Flood Control Room & GMDA OneMap,official_govt,https://onemapgurugram.gmda.gov.in/,high,40.0,72.0,98.0,115.0,48.0,EVT_20250720,212.9,6.31,9.98,612.4,Leg 1 Drain,208.2,Underpass,1,15,1,1,1,19.8,54,0,1,0
GWL_0148,28.44008,77.03929,Medanta Underpass / CH Bakhtawar Singh Road,Sector 38,Gurugram,2025-07-20,10:10,MCG Flood Control Room & GMDA OneMap,official_govt,https://onemapgurugram.gmda.gov.in/,high,40.0,72.0,98.0,115.0,48.0,EVT_20250720,212.8,7.58,9.75,622.6,Leg 1 Drain,214.2,Underpass,1,15,1,1,1,19.5,41,0,1,0
GWL_0149,28.44001,77.04093,Medanta Underpass / CH Bakhtawar Singh Road,Sector 38,Gurugram,2021-09-01,06:30,MCG Flood Control Room & GMDA OneMap,official_govt,https://onemapgurugram.gmda.gov.in/,high,70.0,125.0,160.0,218.0,85.0,EVT_20210901,213.2,8.19,9.85,627.2,Leg 1 Drain,201.0,Underpass,1,15,1,1,2,38.4,115,0,2,0
GWL_0150,28.43979,77.04004,Medanta Underpass / CH Bakhtawar Singh Road,Sector 38,Gurugram,2024-11-05,11:00,MCG Flood Control Room & GMDA OneMap,official_govt,https://onemapgurugram.gmda.gov.in/,high,0.0,0.0,0.0,0.0,0.0,DRY_20241105,212.7,7.77,9.85,587.5,Leg 1 Drain,214.7,Underpass,1,15,1,0,0,0.0,0,0,0,0
GWL_0151,28.43759,77.04035,Medanta Underpass / CH Bakhtawar Singh Road,Sector 38,Gurugram,2023-10-15,12:00,MCG Flood Control Room & GMDA OneMap,official_govt,https://onemapgurugram.gmda.gov.in/,high,0.0,0.0,0.0,0.0,0.0,DRY_20231015,212.8,5.71,9.84,588.5,Leg 1 Drain,202.2,Underpass,1,15,1,0,0,0.0,0,0,0,0
GWL_0152,28.43858,77.04004,Medanta Underpass / CH Bakhtawar Singh Road,Sector 38,Gurugram,2023-07-09,05:00,MCG Flood Control Room & GMDA OneMap,official_govt,https://onemapgurugram.gmda.gov.in/,high,75.0,135.0,180.0,240.0,90.0,EVT_20230709,213.1,7.82,10.12,644.7,Leg 1 Drain,201.2,Underpass,1,15,1,1,3,54.4,138,1,3,0
GWL_0153,28.43813,77.04156,Medanta Underpass / CH Bakhtawar Singh Road,Sector 38,Gurugram,2023-10-15,12:00,MCG Flood Control Room & GMDA OneMap,official_govt,https://onemapgurugram.gmda.gov.in/,high,0.0,0.0,0.0,0.0,0.0,DRY_20231015,212.7,7.4,10.12,601.9,Leg 1 Drain,200.3,Underpass,1,15,1,0,0,0.0,0,0,0,0
GWL_0154,28.43838,77.04015,Medanta Underpass / CH Bakhtawar Singh Road,Sector 38,Gurugram,2023-07-09,05:00,MCG Flood Control Room & GMDA OneMap,official_govt,https://onemapgurugram.gmda.gov.in/,high,75.0,135.0,180.0,240.0,90.0,EVT_20230709,212.7,4.18,9.5,595.4,Leg 1 Drain,204.0,Underpass,1,15,1,1,3,57.0,244,1,3,0
GWL_0155,28.4398,77.0392,Medanta Underpass / CH Bakhtawar Singh Road,Sector 38,Gurugram,2022-09-22,11:00,MCG Flood Control Room & GMDA OneMap,official_govt,https://onemapgurugram.gmda.gov.in/,high,28.0,52.0,85.0,110.0,35.0,EVT_20220922,212.7,7.5,10.13,580.8,Leg 1 Drain,228.1,Underpass,1,15,1,1,1,5.8,62,0,1,0
GWL_0156,28.43953,77.04121,Medanta Underpass / CH Bakhtawar Singh Road,Sector 38,Gurugram,2021-07-19,07:45,MCG Flood Control Room & GMDA OneMap,official_govt,https://onemapgurugram.gmda.gov.in/,high,62.0,118.0,155.0,185.0,75.0,EVT_20210719,213.2,5.87,10.03,625.2,Leg 1 Drain,226.8,Underpass,1,15,1,1,2,31.0,133,0,2,0
GWL_0157,28.43876,77.04053,Medanta Underpass / CH Bakhtawar Singh Road,Sector 38,Gurugram,2020-08-19,09:00,MCG Flood Control Room & GMDA OneMap,official_govt,https://onemapgurugram.gmda.gov.in/,high,58.0,105.0,142.0,168.0,70.0,EVT_20200819,213.0,4.45,9.36,614.9,Leg 1 Drain,204.8,Underpass,1,15,1,1,2,37.4,79,0,2,0
GWL_0158,28.44033,77.03961,Medanta Underpass / CH Bakhtawar Singh Road,Sector 38,Gurugram,2025-07-20,10:10,MCG Flood Control Room & GMDA OneMap,official_govt,https://onemapgurugram.gmda.gov.in/,high,40.0,72.0,98.0,115.0,48.0,EVT_20250720,212.7,7.62,9.92,601.7,Leg 1 Drain,221.6,Underpass,1,15,1,1,1,8.4,89,0,1,0
GWL_0159,28.44032,77.04055,Medanta Underpass / CH Bakhtawar Singh Road,Sector 38,Gurugram,2024-08-11,16:20,MCG Flood Control Room & GMDA OneMap,official_govt,https://onemapgurugram.gmda.gov.in/,high,50.0,92.0,120.0,145.0,60.0,EVT_20240811,212.8,4.4,9.41,598.3,Leg 1 Drain,213.9,Underpass,1,15,1,1,1,18.0,73,0,1,0
GWL_0160,28.43963,77.03988,Medanta Underpass / CH Bakhtawar Singh Road,Sector 38,Gurugram,2019-07-15,14:15,MCG Flood Control Room & GMDA OneMap,official_govt,https://onemapgurugram.gmda.gov.in/,high,32.0,58.0,74.0,89.0,40.0,EVT_20190715,212.9,9.43,9.38,631.2,Leg 1 Drain,217.4,Underpass,1,15,1,1,1,11.6,73,0,1,0
GWL_0161,28.51016,77.08002,Old Delhi-Gurgaon Road (Dundahera),Sector 20,Gurugram,2024-08-02,18:00,MCG Flood Control Room & GMDA OneMap,official_govt,https://onemapgurugram.gmda.gov.in/,high,4.0,8.0,12.0,15.0,5.0,LIGHT_20240802,217.7,1.59,7.7,1028.2,Leg 3 Drain,127.4,Master Arterial,0,17,1,0,0,0.0,0,0,0,0
GWL_0162,28.50933,77.07927,Old Delhi-Gurgaon Road (Dundahera),Sector 20,Gurugram,2018-08-28,08:30,MCG Flood Control Room & GMDA OneMap,official_govt,https://onemapgurugram.gmda.gov.in/,high,45.0,82.0,115.0,132.0,55.0,EVT_20180828,217.5,2.62,7.63,1016.1,Leg 3 Drain,127.3,Master Arterial,0,17,1,0,0,0.0,0,0,0,0
GWL_0163,28.50924,77.07811,Old Delhi-Gurgaon Road (Dundahera),Sector 20,Gurugram,2025-08-15,14:00,MCG Flood Control Room & GMDA OneMap,official_govt,https://onemapgurugram.gmda.gov.in/,high,6.0,11.0,14.0,18.0,7.0,LIGHT_20250815,217.8,0.8,8.23,1032.7,Leg 3 Drain,107.4,Master Arterial,0,17,1,0,0,0.0,0,0,0,0
GWL_0164,28.51131,77.07874,Old Delhi-Gurgaon Road (Dundahera),Sector 20,Gurugram,2019-07-15,14:15,MCG Flood Control Room & GMDA OneMap,official_govt,https://onemapgurugram.gmda.gov.in/,high,32.0,58.0,74.0,89.0,40.0,EVT_20190715,217.4,1.39,8.13,985.5,Leg 3 Drain,111.7,Master Arterial,0,17,1,0,0,0.0,0,0,0,0
GWL_0165,28.51161,77.07817,Old Delhi-Gurgaon Road (Dundahera),Sector 20,Gurugram,2020-08-19,09:00,MCG Flood Control Room & GMDA OneMap,official_govt,https://onemapgurugram.gmda.gov.in/,high,58.0,105.0,142.0,168.0,70.0,EVT_20200819,217.5,1.27,8.27,992.7,Leg 3 Drain,129.1,Master Arterial,0,17,1,0,0,0.0,0,0,0,0
GWL_0166,28.51006,77.07811,Old Delhi-Gurgaon Road (Dundahera),Sector 20,Gurugram,2024-05-20,15:00,MCG Flood Control Room & GMDA OneMap,official_govt,https://onemapgurugram.gmda.gov.in/,high,0.0,0.0,0.0,0.0,0.0,DRY_20240520,217.1,0.76,8.18,967.0,Leg 3 Drain,124.9,Master Arterial,0,17,1,0,0,0.0,0,0,0,0
GWL_0167,28.50999,77.07815,Old Delhi-Gurgaon Road (Dundahera),Sector 20,Gurugram,2020-08-19,09:00,MCG Flood Control Room & GMDA OneMap,official_govt,https://onemapgurugram.gmda.gov.in/,high,58.0,105.0,142.0,168.0,70.0,EVT_20200819,217.5,2.53,7.67,994.2,Leg 3 Drain,101.1,Master Arterial,0,17,1,0,0,0.0,0,0,0,0
GWL_0168,28.51091,77.07939,Old Delhi-Gurgaon Road (Dundahera),Sector 20,Gurugram,2024-08-02,18:00,MCG Flood Control Room & GMDA OneMap,official_govt,https://onemapgurugram.gmda.gov.in/,high,4.0,8.0,12.0,15.0,5.0,LIGHT_20240802,217.4,2.99,8.35,1002.4,Leg 3 Drain,126.0,Master Arterial,0,17,1,0,0,0.0,0,0,0,0
GWL_0169,28.50932,77.07774,Old Delhi-Gurgaon Road (Dundahera),Sector 20,Gurugram,2024-05-20,15:00,MCG Flood Control Room & GMDA OneMap,official_govt,https://onemapgurugram.gmda.gov.in/,high,0.0,0.0,0.0,0.0,0.0,DRY_20240520,217.2,0.39,8.15,999.5,Leg 3 Drain,101.2,Master Arterial,0,17,1,0,0,0.0,0,0,0,0
GWL_0170,28.50907,77.07876,Old Delhi-Gurgaon Road (Dundahera),Sector 20,Gurugram,2023-07-09,05:00,MCG Flood Control Room & GMDA OneMap,official_govt,https://onemapgurugram.gmda.gov.in/,high,75.0,135.0,180.0,240.0,90.0,EVT_20230709,217.7,1.24,7.93,1006.2,Leg 3 Drain,104.5,Master Arterial,0,17,1,0,0,0.0,0,0,0,0
GWL_0171,28.51166,77.0803,Old Delhi-Gurgaon Road (Dundahera),Sector 20,Gurugram,2023-10-15,12:00,MCG Flood Control Room & GMDA OneMap,official_govt,https://onemapgurugram.gmda.gov.in/,high,0.0,0.0,0.0,0.0,0.0,DRY_20231015,217.0,3.34,8.34,979.7,Leg 3 Drain,113.6,Master Arterial,0,17,1,0,0,0.0,0,0,0,0
GWL_0172,28.51025,77.07887,Old Delhi-Gurgaon Road (Dundahera),Sector 20,Gurugram,2019-07-15,14:15,MCG Flood Control Room & GMDA OneMap,official_govt,https://onemapgurugram.gmda.gov.in/,high,32.0,58.0,74.0,89.0,40.0,EVT_20190715,217.5,0.66,7.53,999.8,Leg 3 Drain,121.1,Master Arterial,0,17,1,0,0,0.0,0,0,0,0
GWL_0173,28.50931,77.07942,Old Delhi-Gurgaon Road (Dundahera),Sector 20,Gurugram,2023-07-09,05:00,MCG Flood Control Room & GMDA OneMap,official_govt,https://onemapgurugram.gmda.gov.in/,high,75.0,135.0,180.0,240.0,90.0,EVT_20230709,217.8,0.51,8.05,1030.8,Leg 3 Drain,126.0,Master Arterial,0,17,1,0,0,0.0,0,0,0,0
GWL_0174,28.50923,77.07948,Old Delhi-Gurgaon Road (Dundahera),Sector 20,Gurugram,2023-07-09,05:00,MCG Flood Control Room & GMDA OneMap,official_govt,https://onemapgurugram.gmda.gov.in/,high,75.0,135.0,180.0,240.0,90.0,EVT_20230709,217.7,3.32,8.1,1024.4,Leg 3 Drain,118.5,Master Arterial,0,17,1,0,0,0.0,0,0,0,0
GWL_0175,28.51131,77.07911,Old Delhi-Gurgaon Road (Dundahera),Sector 20,Gurugram,2023-10-15,12:00,MCG Flood Control Room & GMDA OneMap,official_govt,https://onemapgurugram.gmda.gov.in/,high,0.0,0.0,0.0,0.0,0.0,DRY_20231015,217.0,3.27,8.39,972.1,Leg 3 Drain,106.5,Master Arterial,0,17,1,0,0,0.0,0,0,0,0
GWL_0176,28.51068,77.07858,Old Delhi-Gurgaon Road (Dundahera),Sector 20,Gurugram,2024-08-11,16:20,MCG Flood Control Room & GMDA OneMap,official_govt,https://onemapgurugram.gmda.gov.in/,high,50.0,92.0,120.0,145.0,60.0,EVT_20240811,217.5,0.55,8.16,1027.5,Leg 3 Drain,101.4,Master Arterial,0,17,1,0,0,0.0,0,0,0,0
GWL_0177,28.51163,77.07862,Old Delhi-Gurgaon Road (Dundahera),Sector 20,Gurugram,2025-07-20,10:10,MCG Flood Control Room & GMDA OneMap,official_govt,https://onemapgurugram.gmda.gov.in/,high,40.0,72.0,98.0,115.0,48.0,EVT_20250720,217.7,2.78,7.99,1034.0,Leg 3 Drain,126.4,Master Arterial,0,17,1,0,0,0.0,0,0,0,0
GWL_0178,28.50991,77.07838,Old Delhi-Gurgaon Road (Dundahera),Sector 20,Gurugram,2021-09-01,06:30,MCG Flood Control Room & GMDA OneMap,official_govt,https://onemapgurugram.gmda.gov.in/,high,70.0,125.0,160.0,218.0,85.0,EVT_20210901,217.5,2.87,8.26,1019.4,Leg 3 Drain,113.1,Master Arterial,0,17,1,0,0,0.0,0,0,0,0
GWL_0179,28.51115,77.07776,Old Delhi-Gurgaon Road (Dundahera),Sector 20,Gurugram,2025-07-20,10:10,MCG Flood Control Room & GMDA OneMap,official_govt,https://onemapgurugram.gmda.gov.in/,high,40.0,72.0,98.0,115.0,48.0,EVT_20250720,217.4,0.22,7.86,993.7,Leg 3 Drain,111.9,Master Arterial,0,17,1,0,0,0.0,0,0,0,0
GWL_0180,28.51079,77.07857,Old Delhi-Gurgaon Road (Dundahera),Sector 20,Gurugram,2025-08-15,14:00,MCG Flood Control Room & GMDA OneMap,official_govt,https://onemapgurugram.gmda.gov.in/,high,6.0,11.0,14.0,18.0,7.0,LIGHT_20250815,217.4,0.98,7.91,988.1,Leg 3 Drain,102.2,Master Arterial,0,17,1,0,0,0.0,0,0,0,0
GWL_0181,28.47741,77.0269,Sheetla Mata Mandir Road,Sector 5,Gurugram,2018-08-28,08:30,MCG Flood Control Room & GMDA OneMap,official_govt,https://onemapgurugram.gmda.gov.in/,high,45.0,82.0,115.0,132.0,55.0,EVT_20180828,214.9,1.73,8.92,801.0,Leg 1 Drain,100.6,Sector Road,0,16,1,0,0,0.0,0,0,0,0
GWL_0182,28.47704,77.02498,Sheetla Mata Mandir Road,Sector 5,Gurugram,2024-05-20,15:00,MCG Flood Control Room & GMDA OneMap,official_govt,https://onemapgurugram.gmda.gov.in/,high,0.0,0.0,0.0,0.0,0.0,DRY_20240520,214.7,1.45,9.02,772.7,Leg 1 Drain,101.0,Sector Road,0,16,1,0,0,0.0,0,0,0,0
GWL_0183,28.47742,77.02719,Sheetla Mata Mandir Road,Sector 5,Gurugram,2024-11-05,11:00,MCG Flood Control Room & GMDA OneMap,official_govt,https://onemapgurugram.gmda.gov.in/,high,0.0,0.0,0.0,0.0,0.0,DRY_20241105,215.1,2.57,9.42,784.2,Leg 1 Drain,90.9,Sector Road,0,16,1,0,0,0.0,0,0,0,0
GWL_0184,28.47562,77.02684,Sheetla Mata Mandir Road,Sector 5,Gurugram,2019-07-15,14:15,MCG Flood Control Room & GMDA OneMap,official_govt,https://onemapgurugram.gmda.gov.in/,high,32.0,58.0,74.0,89.0,40.0,EVT_20190715,215.1,1.0,9.39,785.9,Leg 1 Drain,113.0,Sector Road,0,16,1,0,0,0.0,0,0,0,0
GWL_0185,28.47665,77.0252,Sheetla Mata Mandir Road,Sector 5,Gurugram,2024-05-20,15:00,MCG Flood Control Room & GMDA OneMap,official_govt,https://onemapgurugram.gmda.gov.in/,high,0.0,0.0,0.0,0.0,0.0,DRY_20240520,214.8,1.05,8.86,770.3,Leg 1 Drain,109.1,Sector Road,0,16,1,0,0,0.0,0,0,0,0
GWL_0186,28.47722,77.02583,Sheetla Mata Mandir Road,Sector 5,Gurugram,2025-07-20,10:10,MCG Flood Control Room & GMDA OneMap,official_govt,https://onemapgurugram.gmda.gov.in/,high,40.0,72.0,98.0,115.0,48.0,EVT_20250720,214.9,2.56,8.81,783.0,Leg 1 Drain,88.7,Sector Road,0,16,1,0,0,0.0,0,0,0,0
GWL_0187,28.47614,77.02694,Sheetla Mata Mandir Road,Sector 5,Gurugram,2024-08-02,18:00,MCG Flood Control Room & GMDA OneMap,official_govt,https://onemapgurugram.gmda.gov.in/,high,4.0,8.0,12.0,15.0,5.0,LIGHT_20240802,214.5,1.93,9.41,736.8,Leg 1 Drain,102.0,Sector Road,0,16,1,0,0,0.0,0,0,0,0
GWL_0188,28.47637,77.02779,Sheetla Mata Mandir Road,Sector 5,Gurugram,2021-09-01,06:30,MCG Flood Control Room & GMDA OneMap,official_govt,https://onemapgurugram.gmda.gov.in/,high,70.0,125.0,160.0,218.0,85.0,EVT_20210901,214.8,2.86,9.13,759.7,Leg 1 Drain,104.0,Sector Road,0,16,1,0,0,0.0,0,0,0,0
GWL_0189,28.47845,77.0267,Sheetla Mata Mandir Road,Sector 5,Gurugram,2024-08-02,18:00,MCG Flood Control Room & GMDA OneMap,official_govt,https://onemapgurugram.gmda.gov.in/,high,4.0,8.0,12.0,15.0,5.0,LIGHT_20240802,215.1,3.12,8.69,792.0,Leg 1 Drain,103.3,Sector Road,0,16,1,0,0,0.0,0,0,0,0
GWL_0190,28.47683,77.02742,Sheetla Mata Mandir Road,Sector 5,Gurugram,2024-05-20,15:00,MCG Flood Control Room & GMDA OneMap,official_govt,https://onemapgurugram.gmda.gov.in/,high,0.0,0.0,0.0,0.0,0.0,DRY_20240520,215.1,1.37,8.7,814.7,Leg 1 Drain,93.2,Sector Road,0,16,1,0,0,0.0,0,0,0,0
GWL_0191,28.47807,77.02617,Sheetla Mata Mandir Road,Sector 5,Gurugram,2022-09-22,11:00,MCG Flood Control Room & GMDA OneMap,official_govt,https://onemapgurugram.gmda.gov.in/,high,28.0,52.0,85.0,110.0,35.0,EVT_20220922,214.9,0.52,9.16,784.6,Leg 1 Drain,102.6,Sector Road,0,16,1,0,0,0.0,0,0,0,0
GWL_0192,28.4761,77.02711,Sheetla Mata Mandir Road,Sector 5,Gurugram,2019-07-15,14:15,MCG Flood Control Room & GMDA OneMap,official_govt,https://onemapgurugram.gmda.gov.in/,high,32.0,58.0,74.0,89.0,40.0,EVT_20190715,215.1,0.92,8.56,784.4,Leg 1 Drain,104.3,Sector Road,0,16,1,0,0,0.0,0,0,0,0
GWL_0193,28.47742,77.02654,Sheetla Mata Mandir Road,Sector 5,Gurugram,2021-09-01,06:30,MCG Flood Control Room & GMDA OneMap,official_govt,https://onemapgurugram.gmda.gov.in/,high,70.0,125.0,160.0,218.0,85.0,EVT_20210901,214.6,1.49,9.25,760.9,Leg 1 Drain,114.6,Sector Road,0,16,1,0,0,0.0,0,0,0,0
GWL_0194,28.47601,77.02699,Sheetla Mata Mandir Road,Sector 5,Gurugram,2023-07-09,05:00,MCG Flood Control Room & GMDA OneMap,official_govt,https://onemapgurugram.gmda.gov.in/,high,75.0,135.0,180.0,240.0,90.0,EVT_20230709,214.7,1.61,9.34,777.2,Leg 1 Drain,114.7,Sector Road,0,16,1,1,1,6.9,36,0,1,0
GWL_0195,28.47777,77.02664,Sheetla Mata Mandir Road,Sector 5,Gurugram,2020-08-19,09:00,MCG Flood Control Room & GMDA OneMap,official_govt,https://onemapgurugram.gmda.gov.in/,high,58.0,105.0,142.0,168.0,70.0,EVT_20200819,214.6,0.46,8.75,776.8,Leg 1 Drain,90.8,Sector Road,0,16,1,0,0,0.0,0,0,0,0
GWL_0196,28.47657,77.02558,Sheetla Mata Mandir Road,Sector 5,Gurugram,2024-08-11,16:20,MCG Flood Control Room & GMDA OneMap,official_govt,https://onemapgurugram.gmda.gov.in/,high,50.0,92.0,120.0,145.0,60.0,EVT_20240811,214.7,0.43,9.14,752.2,Leg 1 Drain,109.0,Sector Road,0,16,1,0,0,0.0,0,0,0,0
GWL_0197,28.4763,77.02652,Sheetla Mata Mandir Road,Sector 5,Gurugram,2018-08-28,08:30,MCG Flood Control Room & GMDA OneMap,official_govt,https://onemapgurugram.gmda.gov.in/,high,45.0,82.0,115.0,132.0,55.0,EVT_20180828,215.1,2.35,8.99,796.5,Leg 1 Drain,95.0,Sector Road,0,16,1,0,0,0.0,0,0,0,0
GWL_0198,28.47761,77.02788,Sheetla Mata Mandir Road,Sector 5,Gurugram,2024-11-05,11:00,MCG Flood Control Room & GMDA OneMap,official_govt,https://onemapgurugram.gmda.gov.in/,high,0.0,0.0,0.0,0.0,0.0,DRY_20241105,214.9,2.04,9.27,785.1,Leg 1 Drain,86.8,Sector Road,0,16,1,0,0,0.0,0,0,0,0
GWL_0199,28.47729,77.02777,Sheetla Mata Mandir Road,Sector 5,Gurugram,2024-11-05,11:00,MCG Flood Control Room & GMDA OneMap,official_govt,https://onemapgurugram.gmda.gov.in/,high,0.0,0.0,0.0,0.0,0.0,DRY_20241105,214.5,2.48,8.9,753.9,Leg 1 Drain,87.9,Sector Road,0,16,1,0,0,0.0,0,0,0,0
GWL_0200,28.47695,77.02717,Sheetla Mata Mandir Road,Sector 5,Gurugram,2021-09-01,06:30,MCG Flood Control Room & GMDA OneMap,official_govt,https://onemapgurugram.gmda.gov.in/,high,70.0,125.0,160.0,218.0,85.0,EVT_20210901,214.7,2.39,9.42,786.6,Leg 1 Drain,92.0,Sector Road,0,16,1,0,0,0.0,0,0,0,0
GWL_0201,28.4712,77.01526,Sector 4/7 Chowk,Sector 4,Gurugram,2025-07-20,10:10,MCG Flood Control Room & GMDA OneMap,official_govt,https://onemapgurugram.gmda.gov.in/,high,40.0,72.0,98.0,115.0,48.0,EVT_20250720,214.3,3.26,9.32,749.2,Leg 1 Drain,145.6,Sector Road,0,14,1,0,0,0.0,0,0,0,0
GWL_0202,28.47187,77.01507,Sector 4/7 Chowk,Sector 4,Gurugram,2024-08-02,18:00,MCG Flood Control Room & GMDA OneMap,official_govt,https://onemapgurugram.gmda.gov.in/,high,4.0,8.0,12.0,15.0,5.0,LIGHT_20240802,214.1,0.62,9.69,729.8,Leg 1 Drain,151.3,Sector Road,0,14,1,0,0,0.0,0,0,0,0
GWL_0203,28.47011,77.01571,Sector 4/7 Chowk,Sector 4,Gurugram,2020-08-19,09:00,MCG Flood Control Room & GMDA OneMap,official_govt,https://onemapgurugram.gmda.gov.in/,high,58.0,105.0,142.0,168.0,70.0,EVT_20200819,213.7,1.39,9.11,702.0,Leg 1 Drain,146.6,Sector Road,0,14,1,0,0,0.0,0,0,0,0
GWL_0204,28.47092,77.01599,Sector 4/7 Chowk,Sector 4,Gurugram,2025-07-20,10:10,MCG Flood Control Room & GMDA OneMap,official_govt,https://onemapgurugram.gmda.gov.in/,high,40.0,72.0,98.0,115.0,48.0,EVT_20250720,213.9,2.18,9.46,718.3,Leg 1 Drain,144.9,Sector Road,0,14,1,0,0,0.0,0,0,0,0
GWL_0205,28.47298,77.01735,Sector 4/7 Chowk,Sector 4,Gurugram,2019-07-15,14:15,MCG Flood Control Room & GMDA OneMap,official_govt,https://onemapgurugram.gmda.gov.in/,high,32.0,58.0,74.0,89.0,40.0,EVT_20190715,213.7,3.27,9.14,697.2,Leg 1 Drain,141.4,Sector Road,0,14,1,0,0,0.0,0,0,0,0
GWL_0206,28.47263,77.0174,Sector 4/7 Chowk,Sector 4,Gurugram,2025-08-15,14:00,MCG Flood Control Room & GMDA OneMap,official_govt,https://onemapgurugram.gmda.gov.in/,high,6.0,11.0,14.0,18.0,7.0,LIGHT_20250815,214.1,2.81,9.16,701.7,Leg 1 Drain,142.1,Sector Road,0,14,1,0,0,0.0,0,0,0,0
GWL_0207,28.47052,77.01688,Sector 4/7 Chowk,Sector 4,Gurugram,2024-05-20,15:00,MCG Flood Control Room & GMDA OneMap,official_govt,https://onemapgurugram.gmda.gov.in/,high,0.0,0.0,0.0,0.0,0.0,DRY_20240520,213.8,3.42,9.62,705.9,Leg 1 Drain,134.0,Sector Road,0,14,1,0,0,0.0,0,0,0,0
GWL_0208,28.47259,77.01757,Sector 4/7 Chowk,Sector 4,Gurugram,2021-09-01,06:30,MCG Flood Control Room & GMDA OneMap,official_govt,https://onemapgurugram.gmda.gov.in/,high,70.0,125.0,160.0,218.0,85.0,EVT_20210901,213.9,2.2,9.7,688.5,Leg 1 Drain,145.1,Sector Road,0,14,1,0,0,0.0,0,0,0,0
GWL_0209,28.4712,77.01524,Sector 4/7 Chowk,Sector 4,Gurugram,2025-08-15,14:00,MCG Flood Control Room & GMDA OneMap,official_govt,https://onemapgurugram.gmda.gov.in/,high,6.0,11.0,14.0,18.0,7.0,LIGHT_20250815,213.8,0.42,9.01,678.4,Leg 1 Drain,158.9,Sector Road,0,14,1,0,0,0.0,0,0,0,0
GWL_0210,28.47165,77.0177,Sector 4/7 Chowk,Sector 4,Gurugram,2024-05-20,15:00,MCG Flood Control Room & GMDA OneMap,official_govt,https://onemapgurugram.gmda.gov.in/,high,0.0,0.0,0.0,0.0,0.0,DRY_20240520,213.8,1.23,9.49,690.6,Leg 1 Drain,133.2,Sector Road,0,14,1,0,0,0.0,0,0,0,0
GWL_0211,28.47192,77.01545,Sector 4/7 Chowk,Sector 4,Gurugram,2025-07-20,10:10,MCG Flood Control Room & GMDA OneMap,official_govt,https://onemapgurugram.gmda.gov.in/,high,40.0,72.0,98.0,115.0,48.0,EVT_20250720,214.0,2.35,9.05,692.5,Leg 1 Drain,153.4,Sector Road,0,14,1,0,0,0.0,0,0,0,0
GWL_0212,28.47138,77.01497,Sector 4/7 Chowk,Sector 4,Gurugram,2023-10-15,12:00,MCG Flood Control Room & GMDA OneMap,official_govt,https://onemapgurugram.gmda.gov.in/,high,0.0,0.0,0.0,0.0,0.0,DRY_20231015,214.3,0.39,9.48,754.8,Leg 1 Drain,137.2,Sector Road,0,14,1,0,0,0.0,0,0,0,0
GWL_0213,28.47043,77.01516,Sector 4/7 Chowk,Sector 4,Gurugram,2021-07-19,07:45,MCG Flood Control Room & GMDA OneMap,official_govt,https://onemapgurugram.gmda.gov.in/,high,62.0,118.0,155.0,185.0,75.0,EVT_20210719,213.7,0.53,9.71,667.0,Leg 1 Drain,145.3,Sector Road,0,14,1,0,0,0.0,0,0,0,0
GWL_0214,28.47299,77.01724,Sector 4/7 Chowk,Sector 4,Gurugram,2020-08-19,09:00,MCG Flood Control Room & GMDA OneMap,official_govt,https://onemapgurugram.gmda.gov.in/,high,58.0,105.0,142.0,168.0,70.0,EVT_20200819,214.0,1.21,9.52,711.1,Leg 1 Drain,142.8,Sector Road,0,14,1,0,0,0.0,0,0,0,0
GWL_0215,28.47039,77.01746,Sector 4/7 Chowk,Sector 4,Gurugram,2022-09-22,11:00,MCG Flood Control Room & GMDA OneMap,official_govt,https://onemapgurugram.gmda.gov.in/,high,28.0,52.0,85.0,110.0,35.0,EVT_20220922,213.9,0.84,9.31,698.1,Leg 1 Drain,154.8,Sector Road,0,14,1,0,0,0.0,0,0,0,0
GWL_0216,28.4722,77.01711,Sector 4/7 Chowk,Sector 4,Gurugram,2024-08-02,18:00,MCG Flood Control Room & GMDA OneMap,official_govt,https://onemapgurugram.gmda.gov.in/,high,4.0,8.0,12.0,15.0,5.0,LIGHT_20240802,213.5,1.57,9.58,648.3,Leg 1 Drain,137.8,Sector Road,0,14,1,0,0,0.0,0,0,0,0
GWL_0217,28.47228,77.01521,Sector 4/7 Chowk,Sector 4,Gurugram,2020-08-19,09:00,MCG Flood Control Room & GMDA OneMap,official_govt,https://onemapgurugram.gmda.gov.in/,high,58.0,105.0,142.0,168.0,70.0,EVT_20200819,213.9,0.91,8.95,691.1,Leg 1 Drain,159.3,Sector Road,0,14,1,0,0,0.0,0,0,0,0
GWL_0218,28.4724,77.01768,Sector 4/7 Chowk,Sector 4,Gurugram,2025-07-20,10:10,MCG Flood Control Room & GMDA OneMap,official_govt,https://onemapgurugram.gmda.gov.in/,high,40.0,72.0,98.0,115.0,48.0,EVT_20250720,213.9,0.56,9.49,699.7,Leg 1 Drain,155.3,Sector Road,0,14,1,0,0,0.0,0,0,0,0
GWL_0219,28.47029,77.01626,Sector 4/7 Chowk,Sector 4,Gurugram,2024-08-02,18:00,MCG Flood Control Room & GMDA OneMap,official_govt,https://onemapgurugram.gmda.gov.in/,high,4.0,8.0,12.0,15.0,5.0,LIGHT_20240802,213.6,1.27,9.8,675.0,Leg 1 Drain,141.3,Sector Road,0,14,1,0,0,0.0,0,0,0,0
GWL_0220,28.47118,77.01618,Sector 4/7 Chowk,Sector 4,Gurugram,2025-07-20,10:10,MCG Flood Control Room & GMDA OneMap,official_govt,https://onemapgurugram.gmda.gov.in/,high,40.0,72.0,98.0,115.0,48.0,EVT_20250720,214.1,3.14,9.82,730.0,Leg 1 Drain,139.5,Sector Road,0,14,1,0,0,0.0,0,0,0,0
GWL_0221,28.46976,77.04481,Sector 14 Main Market Road,Sector 14,Gurugram,2018-08-28,08:30,GMDA Open Data / IMD Weather Archive,official_gis,https://mausam.imd.gov.in/,high,45.0,82.0,115.0,132.0,55.0,EVT_20180828,215.3,2.97,8.42,836.6,Leg 2 Drain,313.8,Sector Road,0,9,0,0,0,0.0,0,0,0,0
GWL_0222,28.46961,77.04548,Sector 14 Main Market Road,Sector 14,Gurugram,2023-10-15,12:00,GMDA Open Data / IMD Weather Archive,official_gis,https://mausam.imd.gov.in/,high,0.0,0.0,0.0,0.0,0.0,DRY_20231015,215.8,2.3,8.79,845.7,Leg 2 Drain,315.6,Sector Road,0,9,0,0,0,0.0,0,0,0,0
GWL_0223,28.46815,77.04571,Sector 14 Main Market Road,Sector 14,Gurugram,2022-09-22,11:00,GMDA Open Data / IMD Weather Archive,official_gis,https://mausam.imd.gov.in/,high,28.0,52.0,85.0,110.0,35.0,EVT_20220922,215.5,2.44,8.34,820.9,Leg 2 Drain,321.5,Sector Road,0,9,0,0,0,0.0,0,0,0,0
GWL_0224,28.46792,77.04371,Sector 14 Main Market Road,Sector 14,Gurugram,2024-08-11,16:20,GMDA Open Data / IMD Weather Archive,official_gis,https://mausam.imd.gov.in/,high,50.0,92.0,120.0,145.0,60.0,EVT_20240811,215.1,3.36,9.2,797.6,Leg 2 Drain,308.9,Sector Road,0,9,0,0,0,0.0,0,0,0,0
GWL_0225,28.46875,77.04582,Sector 14 Main Market Road,Sector 14,Gurugram,2018-08-28,08:30,GMDA Open Data / IMD Weather Archive,official_gis,https://mausam.imd.gov.in/,high,45.0,82.0,115.0,132.0,55.0,EVT_20180828,215.6,0.81,8.43,829.9,Leg 2 Drain,319.8,Sector Road,0,9,0,0,0,0.0,0,0,0,0
GWL_0226,28.46999,77.0443,Sector 14 Main Market Road,Sector 14,Gurugram,2019-07-15,14:15,GMDA Open Data / IMD Weather Archive,official_gis,https://mausam.imd.gov.in/,high,32.0,58.0,74.0,89.0,40.0,EVT_20190715,215.1,0.47,9.43,795.3,Leg 2 Drain,323.1,Sector Road,0,9,0,0,0,0.0,0,0,0,0
GWL_0227,28.46957,77.04465,Sector 14 Main Market Road,Sector 14,Gurugram,2022-09-22,11:00,GMDA Open Data / IMD Weather Archive,official_gis,https://mausam.imd.gov.in/,high,28.0,52.0,85.0,110.0,35.0,EVT_20220922,215.3,0.6,9.0,831.5,Leg 2 Drain,319.3,Sector Road,0,9,0,0,0,0.0,0,0,0,0
GWL_0228,28.46929,77.04363,Sector 14 Main Market Road,Sector 14,Gurugram,2025-08-15,14:00,GMDA Open Data / IMD Weather Archive,official_gis,https://mausam.imd.gov.in/,high,6.0,11.0,14.0,18.0,7.0,LIGHT_20250815,215.9,2.84,8.43,890.7,Leg 2 Drain,318.1,Sector Road,0,9,0,0,0,0.0,0,0,0,0
GWL_0229,28.46945,77.04574,Sector 14 Main Market Road,Sector 14,Gurugram,2024-08-02,18:00,GMDA Open Data / IMD Weather Archive,official_gis,https://mausam.imd.gov.in/,high,4.0,8.0,12.0,15.0,5.0,LIGHT_20240802,215.7,2.37,8.35,848.0,Leg 2 Drain,327.8,Sector Road,0,9,0,0,0,0.0,0,0,0,0
GWL_0230,28.46837,77.04462,Sector 14 Main Market Road,Sector 14,Gurugram,2021-09-01,06:30,GMDA Open Data / IMD Weather Archive,official_gis,https://mausam.imd.gov.in/,high,70.0,125.0,160.0,218.0,85.0,EVT_20210901,215.4,1.65,8.95,846.7,Leg 2 Drain,307.2,Sector Road,0,9,0,0,0,0.0,0,0,0,0
GWL_0231,28.46806,77.04409,Sector 14 Main Market Road,Sector 14,Gurugram,2021-07-19,07:45,GMDA Open Data / IMD Weather Archive,official_gis,https://mausam.imd.gov.in/,high,62.0,118.0,155.0,185.0,75.0,EVT_20210719,215.8,2.33,8.47,875.6,Leg 2 Drain,325.8,Sector Road,0,9,0,0,0,0.0,0,0,0,0
GWL_0232,28.47024,77.04626,Sector 14 Main Market Road,Sector 14,Gurugram,2018-08-28,08:30,GMDA Open Data / IMD Weather Archive,official_gis,https://mausam.imd.gov.in/,high,45.0,82.0,115.0,132.0,55.0,EVT_20180828,215.3,2.69,8.84,834.2,Leg 2 Drain,321.9,Sector Road,0,9,0,0,0,0.0,0,0,0,0
GWL_0233,28.47003,77.04547,Sector 14 Main Market Road,Sector 14,Gurugram,2021-07-19,07:45,GMDA Open Data / IMD Weather Archive,official_gis,https://mausam.imd.gov.in/,high,62.0,118.0,155.0,185.0,75.0,EVT_20210719,215.2,2.0,9.4,829.5,Leg 2 Drain,301.3,Sector Road,0,9,0,0,0,0.0,0,0,0,0
GWL_0234,28.46819,77.0439,Sector 14 Main Market Road,Sector 14,Gurugram,2023-10-15,12:00,GMDA Open Data / IMD Weather Archive,official_gis,https://mausam.imd.gov.in/,high,0.0,0.0,0.0,0.0,0.0,DRY_20231015,215.7,2.9,8.43,854.7,Leg 2 Drain,325.2,Sector Road,0,9,0,0,0,0.0,0,0,0,0
GWL_0235,28.4699,77.04513,Sector 14 Main Market Road,Sector 14,Gurugram,2019-07-15,14:15,GMDA Open Data / IMD Weather Archive,official_gis,https://mausam.imd.gov.in/,high,32.0,58.0,74.0,89.0,40.0,EVT_20190715,215.6,1.88,8.56,848.6,Leg 2 Drain,320.7,Sector Road,0,9,0,0,0,0.0,0,0,0,0
GWL_0236,28.47032,77.04541,Sector 14 Main Market Road,Sector 14,Gurugram,2019-07-15,14:15,GMDA Open Data / IMD Weather Archive,official_gis,https://mausam.imd.gov.in/,high,32.0,58.0,74.0,89.0,40.0,EVT_20190715,215.7,0.73,8.68,834.9,Leg 2 Drain,307.4,Sector Road,0,9,0,0,0,0.0,0,0,0,0
GWL_0237,28.46988,77.04648,Sector 14 Main Market Road,Sector 14,Gurugram,2024-11-05,11:00,GMDA Open Data / IMD Weather Archive,official_gis,https://mausam.imd.gov.in/,high,0.0,0.0,0.0,0.0,0.0,DRY_20241105,215.2,1.52,9.22,800.2,Leg 2 Drain,316.7,Sector Road,0,9,0,0,0,0.0,0,0,0,0
GWL_0238,28.4699,77.04535,Sector 14 Main Market Road,Sector 14,Gurugram,2024-08-11,16:20,GMDA Open Data / IMD Weather Archive,official_gis,https://mausam.imd.gov.in/,high,50.0,92.0,120.0,145.0,60.0,EVT_20240811,215.3,1.37,9.16,822.7,Leg 2 Drain,300.2,Sector Road,0,9,0,0,0,0.0,0,0,0,0
GWL_0239,28.46998,77.04361,Sector 14 Main Market Road,Sector 14,Gurugram,2025-08-15,14:00,GMDA Open Data / IMD Weather Archive,official_gis,https://mausam.imd.gov.in/,high,6.0,11.0,14.0,18.0,7.0,LIGHT_20250815,215.7,0.87,9.18,849.2,Leg 2 Drain,309.8,Sector Road,0,9,0,0,0,0.0,0,0,0,0
GWL_0240,28.46815,77.04442,Sector 14 Main Market Road,Sector 14,Gurugram,2019-07-15,14:15,GMDA Open Data / IMD Weather Archive,official_gis,https://mausam.imd.gov.in/,high,32.0,58.0,74.0,89.0,40.0,EVT_20190715,215.8,3.49,8.55,860.9,Leg 2 Drain,321.7,Sector Road,0,9,0,0,0,0.0,0,0,0,0
GWL_0241,28.46216,77.04138,Sector 15 Part 2,Sector 15,Gurugram,2024-08-02,18:00,MCG Flood Control Room & GMDA OneMap,official_govt,https://onemapgurugram.gmda.gov.in/,high,4.0,8.0,12.0,15.0,5.0,LIGHT_20240802,214.5,1.56,9.4,732.6,Leg 1 Drain,188.6,Sector Road,0,13,1,0,0,0.0,0,0,0,0
GWL_0242,28.46057,77.04198,Sector 15 Part 2,Sector 15,Gurugram,2025-07-20,10:10,MCG Flood Control Room & GMDA OneMap,official_govt,https://onemapgurugram.gmda.gov.in/,high,40.0,72.0,98.0,115.0,48.0,EVT_20250720,214.3,2.14,9.26,741.2,Leg 1 Drain,171.9,Sector Road,0,13,1,0,0,0.0,0,0,0,0
GWL_0243,28.46124,77.04128,Sector 15 Part 2,Sector 15,Gurugram,2024-08-02,18:00,MCG Flood Control Room & GMDA OneMap,official_govt,https://onemapgurugram.gmda.gov.in/,high,4.0,8.0,12.0,15.0,5.0,LIGHT_20240802,214.6,2.19,9.34,773.2,Leg 1 Drain,178.1,Sector Road,0,13,1,0,0,0.0,0,0,0,0
GWL_0244,28.46198,77.04109,Sector 15 Part 2,Sector 15,Gurugram,2020-08-19,09:00,MCG Flood Control Room & GMDA OneMap,official_govt,https://onemapgurugram.gmda.gov.in/,high,58.0,105.0,142.0,168.0,70.0,EVT_20200819,214.3,0.39,9.11,746.9,Leg 1 Drain,191.2,Sector Road,0,13,1,0,0,0.0,0,0,0,0
GWL_0245,28.46187,77.04115,Sector 15 Part 2,Sector 15,Gurugram,2020-08-19,09:00,MCG Flood Control Room & GMDA OneMap,official_govt,https://onemapgurugram.gmda.gov.in/,high,58.0,105.0,142.0,168.0,70.0,EVT_20200819,214.6,0.69,8.99,758.4,Leg 1 Drain,172.7,Sector Road,0,13,1,0,0,0.0,0,0,0,0
GWL_0246,28.46016,77.04139,Sector 15 Part 2,Sector 15,Gurugram,2024-05-20,15:00,MCG Flood Control Room & GMDA OneMap,official_govt,https://onemapgurugram.gmda.gov.in/,high,0.0,0.0,0.0,0.0,0.0,DRY_20240520,214.8,3.49,9.51,783.7,Leg 1 Drain,182.6,Sector Road,0,13,1,0,0,0.0,0,0,0,0
GWL_0247,28.46141,77.04196,Sector 15 Part 2,Sector 15,Gurugram,2024-08-11,16:20,MCG Flood Control Room & GMDA OneMap,official_govt,https://onemapgurugram.gmda.gov.in/,high,50.0,92.0,120.0,145.0,60.0,EVT_20240811,214.3,1.55,9.62,730.9,Leg 1 Drain,187.2,Sector Road,0,13,1,0,0,0.0,0,0,0,0
GWL_0248,28.46126,77.04015,Sector 15 Part 2,Sector 15,Gurugram,2025-07-20,10:10,MCG Flood Control Room & GMDA OneMap,official_govt,https://onemapgurugram.gmda.gov.in/,high,40.0,72.0,98.0,115.0,48.0,EVT_20250720,214.5,1.3,8.73,733.5,Leg 1 Drain,195.0,Sector Road,0,13,1,0,0,0.0,0,0,0,0
GWL_0249,28.46032,77.04115,Sector 15 Part 2,Sector 15,Gurugram,2020-08-19,09:00,MCG Flood Control Room & GMDA OneMap,official_govt,https://onemapgurugram.gmda.gov.in/,high,58.0,105.0,142.0,168.0,70.0,EVT_20200819,214.4,3.3,9.0,741.2,Leg 1 Drain,196.2,Sector Road,0,13,1,0,0,0.0,0,0,0,0
GWL_0250,28.46203,77.04016,Sector 15 Part 2,Sector 15,Gurugram,2021-09-01,06:30,MCG Flood Control Room & GMDA OneMap,official_govt,https://onemapgurugram.gmda.gov.in/,high,70.0,125.0,160.0,218.0,85.0,EVT_20210901,214.8,1.71,9.06,763.3,Leg 1 Drain,172.4,Sector Road,0,13,1,0,0,0.0,0,0,0,0
GWL_0251,28.46168,77.04109,Sector 15 Part 2,Sector 15,Gurugram,2025-07-20,10:10,MCG Flood Control Room & GMDA OneMap,official_govt,https://onemapgurugram.gmda.gov.in/,high,40.0,72.0,98.0,115.0,48.0,EVT_20250720,214.5,2.61,9.47,738.9,Leg 1 Drain,188.3,Sector Road,0,13,1,0,0,0.0,0,0,0,0
GWL_0252,28.45991,77.04185,Sector 15 Part 2,Sector 15,Gurugram,2025-08-15,14:00,MCG Flood Control Room & GMDA OneMap,official_govt,https://onemapgurugram.gmda.gov.in/,high,6.0,11.0,14.0,18.0,7.0,LIGHT_20250815,214.7,3.36,8.69,751.8,Leg 1 Drain,178.5,Sector Road,0,13,1,0,0,0.0,0,0,0,0
GWL_0253,28.46029,77.04034,Sector 15 Part 2,Sector 15,Gurugram,2023-10-15,12:00,MCG Flood Control Room & GMDA OneMap,official_govt,https://onemapgurugram.gmda.gov.in/,high,0.0,0.0,0.0,0.0,0.0,DRY_20231015,214.9,1.02,8.81,796.9,Leg 1 Drain,183.5,Sector Road,0,13,1,0,0,0.0,0,0,0,0
GWL_0254,28.46183,77.0398,Sector 15 Part 2,Sector 15,Gurugram,2023-07-09,05:00,MCG Flood Control Room & GMDA OneMap,official_govt,https://onemapgurugram.gmda.gov.in/,high,75.0,135.0,180.0,240.0,90.0,EVT_20230709,214.6,0.31,8.72,777.3,Leg 1 Drain,174.2,Sector Road,0,13,1,0,0,0.0,0,0,0,0
GWL_0255,28.4611,77.04083,Sector 15 Part 2,Sector 15,Gurugram,2021-07-19,07:45,MCG Flood Control Room & GMDA OneMap,official_govt,https://onemapgurugram.gmda.gov.in/,high,62.0,118.0,155.0,185.0,75.0,EVT_20210719,214.5,3.17,8.72,759.1,Leg 1 Drain,198.9,Sector Road,0,13,1,0,0,0.0,0,0,0,0
GWL_0256,28.46118,77.04241,Sector 15 Part 2,Sector 15,Gurugram,2025-07-20,10:10,MCG Flood Control Room & GMDA OneMap,official_govt,https://onemapgurugram.gmda.gov.in/,high,40.0,72.0,98.0,115.0,48.0,EVT_20250720,214.2,1.58,9.08,736.2,Leg 1 Drain,199.4,Sector Road,0,13,1,0,0,0.0,0,0,0,0
GWL_0257,28.46027,77.04156,Sector 15 Part 2,Sector 15,Gurugram,2024-08-02,18:00,MCG Flood Control Room & GMDA OneMap,official_govt,https://onemapgurugram.gmda.gov.in/,high,4.0,8.0,12.0,15.0,5.0,LIGHT_20240802,214.4,2.07,9.2,762.9,Leg 1 Drain,188.3,Sector Road,0,13,1,0,0,0.0,0,0,0,0
GWL_0258,28.46055,77.03994,Sector 15 Part 2,Sector 15,Gurugram,2024-11-05,11:00,MCG Flood Control Room & GMDA OneMap,official_govt,https://onemapgurugram.gmda.gov.in/,high,0.0,0.0,0.0,0.0,0.0,DRY_20241105,214.3,0.94,9.03,749.5,Leg 1 Drain,186.8,Sector Road,0,13,1,0,0,0.0,0,0,0,0
GWL_0259,28.46107,77.03994,Sector 15 Part 2,Sector 15,Gurugram,2024-11-05,11:00,MCG Flood Control Room & GMDA OneMap,official_govt,https://onemapgurugram.gmda.gov.in/,high,0.0,0.0,0.0,0.0,0.0,DRY_20241105,214.9,2.59,8.61,794.8,Leg 1 Drain,186.3,Sector Road,0,13,1,0,0,0.0,0,0,0,0
GWL_0260,28.45975,77.04097,Sector 15 Part 2,Sector 15,Gurugram,2021-07-19,07:45,MCG Flood Control Room & GMDA OneMap,official_govt,https://onemapgurugram.gmda.gov.in/,high,62.0,118.0,155.0,185.0,75.0,EVT_20210719,214.6,0.75,9.61,775.0,Leg 1 Drain,190.1,Sector Road,0,13,1,0,0,0.0,0,0,0,0
GWL_0261,28.50199,77.06714,Sector 22 Market Stretch,Sector 22,Gurugram,2024-11-05,11:00,GMDA Open Data / IMD Weather Archive,official_gis,https://mausam.imd.gov.in/,high,0.0,0.0,0.0,0.0,0.0,DRY_20241105,216.9,2.0,7.8,957.0,Leg 3 Drain,254.2,Sector Road,0,8,0,0,0,0.0,0,0,0,0
GWL_0262,28.50198,77.06606,Sector 22 Market Stretch,Sector 22,Gurugram,2021-09-01,06:30,GMDA Open Data / IMD Weather Archive,official_gis,https://mausam.imd.gov.in/,high,70.0,125.0,160.0,218.0,85.0,EVT_20210901,217.0,0.86,7.96,951.6,Leg 3 Drain,239.9,Sector Road,0,8,0,0,0,0.0,0,0,0,0
GWL_0263,28.50287,77.06746,Sector 22 Market Stretch,Sector 22,Gurugram,2023-07-09,05:00,GMDA Open Data / IMD Weather Archive,official_gis,https://mausam.imd.gov.in/,high,75.0,135.0,180.0,240.0,90.0,EVT_20230709,216.6,3.1,8.74,945.8,Leg 3 Drain,237.2,Sector Road,0,8,0,0,0,0.0,0,0,0,0
GWL_0264,28.50195,77.06885,Sector 22 Market Stretch,Sector 22,Gurugram,2024-05-20,15:00,GMDA Open Data / IMD Weather Archive,official_gis,https://mausam.imd.gov.in/,high,0.0,0.0,0.0,0.0,0.0,DRY_20240520,217.0,0.29,7.77,963.6,Leg 3 Drain,257.3,Sector Road,0,8,0,0,0,0.0,0,0,0,0
GWL_0265,28.50222,77.06739,Sector 22 Market Stretch,Sector 22,Gurugram,2024-05-20,15:00,GMDA Open Data / IMD Weather Archive,official_gis,https://mausam.imd.gov.in/,high,0.0,0.0,0.0,0.0,0.0,DRY_20240520,216.5,2.37,8.72,917.7,Leg 3 Drain,253.3,Sector Road,0,8,0,0,0,0.0,0,0,0,0
GWL_0266,28.50349,77.06651,Sector 22 Market Stretch,Sector 22,Gurugram,2022-09-22,11:00,GMDA Open Data / IMD Weather Archive,official_gis,https://mausam.imd.gov.in/,high,28.0,52.0,85.0,110.0,35.0,EVT_20220922,216.8,1.15,8.57,951.1,Leg 3 Drain,249.0,Sector Road,0,8,0,0,0,0.0,0,0,0,0
GWL_0267,28.50299,77.06709,Sector 22 Market Stretch,Sector 22,Gurugram,2024-08-11,16:20,GMDA Open Data / IMD Weather Archive,official_gis,https://mausam.imd.gov.in/,high,50.0,92.0,120.0,145.0,60.0,EVT_20240811,217.1,1.96,7.82,981.3,Leg 3 Drain,253.8,Sector Road,0,8,0,0,0,0.0,0,0,0,0
GWL_0268,28.50155,77.06847,Sector 22 Market Stretch,Sector 22,Gurugram,2025-07-20,10:10,GMDA Open Data / IMD Weather Archive,official_gis,https://mausam.imd.gov.in/,high,40.0,72.0,98.0,115.0,48.0,EVT_20250720,217.1,1.11,8.64,959.1,Leg 3 Drain,236.1,Sector Road,0,8,0,0,0,0.0,0,0,0,0
GWL_0269,28.50115,77.06858,Sector 22 Market Stretch,Sector 22,Gurugram,2024-08-11,16:20,GMDA Open Data / IMD Weather Archive,official_gis,https://mausam.imd.gov.in/,high,50.0,92.0,120.0,145.0,60.0,EVT_20240811,216.9,0.7,8.18,961.1,Leg 3 Drain,232.5,Sector Road,0,8,0,0,0,0.0,0,0,0,0
GWL_0270,28.50325,77.06831,Sector 22 Market Stretch,Sector 22,Gurugram,2019-07-15,14:15,GMDA Open Data / IMD Weather Archive,official_gis,https://mausam.imd.gov.in/,high,32.0,58.0,74.0,89.0,40.0,EVT_20190715,216.8,3.39,8.2,967.4,Leg 3 Drain,250.0,Sector Road,0,8,0,0,0,0.0,0,0,0,0
GWL_0271,28.5025,77.0664,Sector 22 Market Stretch,Sector 22,Gurugram,2021-07-19,07:45,GMDA Open Data / IMD Weather Archive,official_gis,https://mausam.imd.gov.in/,high,62.0,118.0,155.0,185.0,75.0,EVT_20210719,217.1,1.61,7.82,954.0,Leg 3 Drain,246.8,Sector Road,0,8,0,0,0,0.0,0,0,0,0
GWL_0272,28.50218,77.06806,Sector 22 Market Stretch,Sector 22,Gurugram,2021-07-19,07:45,GMDA Open Data / IMD Weather Archive,official_gis,https://mausam.imd.gov.in/,high,62.0,118.0,155.0,185.0,75.0,EVT_20210719,217.1,0.46,8.39,961.0,Leg 3 Drain,255.7,Sector Road,0,8,0,0,0,0.0,0,0,0,0
GWL_0273,28.50306,77.06752,Sector 22 Market Stretch,Sector 22,Gurugram,2019-07-15,14:15,GMDA Open Data / IMD Weather Archive,official_gis,https://mausam.imd.gov.in/,high,32.0,58.0,74.0,89.0,40.0,EVT_20190715,217.0,1.24,8.17,977.9,Leg 3 Drain,243.8,Sector Road,0,8,0,0,0,0.0,0,0,0,0
GWL_0274,28.50167,77.06738,Sector 22 Market Stretch,Sector 22,Gurugram,2022-09-22,11:00,GMDA Open Data / IMD Weather Archive,official_gis,https://mausam.imd.gov.in/,high,28.0,52.0,85.0,110.0,35.0,EVT_20220922,217.1,1.31,7.83,982.0,Leg 3 Drain,254.8,Sector Road,0,8,0,0,0,0.0,0,0,0,0
GWL_0275,28.5009,77.06662,Sector 22 Market Stretch,Sector 22,Gurugram,2018-08-28,08:30,GMDA Open Data / IMD Weather Archive,official_gis,https://mausam.imd.gov.in/,high,45.0,82.0,115.0,132.0,55.0,EVT_20180828,216.5,1.35,8.35,932.5,Leg 3 Drain,249.5,Sector Road,0,8,0,0,0,0.0,0,0,0,0
GWL_0276,28.50246,77.06696,Sector 22 Market Stretch,Sector 22,Gurugram,2023-10-15,12:00,GMDA Open Data / IMD Weather Archive,official_gis,https://mausam.imd.gov.in/,high,0.0,0.0,0.0,0.0,0.0,DRY_20231015,217.1,1.76,8.64,978.9,Leg 3 Drain,233.8,Sector Road,0,8,0,0,0,0.0,0,0,0,0
GWL_0277,28.50263,77.06688,Sector 22 Market Stretch,Sector 22,Gurugram,2025-07-20,10:10,GMDA Open Data / IMD Weather Archive,official_gis,https://mausam.imd.gov.in/,high,40.0,72.0,98.0,115.0,48.0,EVT_20250720,216.9,0.43,7.91,970.7,Leg 3 Drain,236.8,Sector Road,0,8,0,0,0,0.0,0,0,0,0
GWL_0278,28.50311,77.06674,Sector 22 Market Stretch,Sector 22,Gurugram,2021-07-19,07:45,GMDA Open Data / IMD Weather Archive,official_gis,https://mausam.imd.gov.in/,high,62.0,118.0,155.0,185.0,75.0,EVT_20210719,216.9,2.49,8.25,948.7,Leg 3 Drain,236.4,Sector Road,0,8,0,0,0,0.0,0,0,0,0
GWL_0279,28.5007,77.06681,Sector 22 Market Stretch,Sector 22,Gurugram,2023-10-15,12:00,GMDA Open Data / IMD Weather Archive,official_gis,https://mausam.imd.gov.in/,high,0.0,0.0,0.0,0.0,0.0,DRY_20231015,216.9,3.3,8.61,967.1,Leg 3 Drain,253.7,Sector Road,0,8,0,0,0,0.0,0,0,0,0
GWL_0280,28.50259,77.06668,Sector 22 Market Stretch,Sector 22,Gurugram,2021-07-19,07:45,GMDA Open Data / IMD Weather Archive,official_gis,https://mausam.imd.gov.in/,high,62.0,118.0,155.0,185.0,75.0,EVT_20210719,217.1,2.41,8.22,957.9,Leg 3 Drain,243.4,Sector Road,0,8,0,0,0,0.0,0,0,0,0
GWL_0281,28.50768,77.05519,Sector 23 Cartman Street,Sector 23,Gurugram,2018-08-28,08:30,GMDA Open Data / IMD Weather Archive,official_gis,https://mausam.imd.gov.in/,high,45.0,82.0,115.0,132.0,55.0,EVT_20180828,216.2,1.46,9.0,881.4,Leg 3 Drain,392.7,Sector Road,0,7,0,0,0,0.0,0,0,0,0
GWL_0282,28.50643,77.05482,Sector 23 Cartman Street,Sector 23,Gurugram,2019-07-15,14:15,GMDA Open Data / IMD Weather Archive,official_gis,https://mausam.imd.gov.in/,high,32.0,58.0,74.0,89.0,40.0,EVT_20190715,216.5,1.12,8.76,914.2,Leg 3 Drain,407.3,Sector Road,0,7,0,0,0,0.0,0,0,0,0
GWL_0283,28.50856,77.05501,Sector 23 Cartman Street,Sector 23,Gurugram,2024-11-05,11:00,GMDA Open Data / IMD Weather Archive,official_gis,https://mausam.imd.gov.in/,high,0.0,0.0,0.0,0.0,0.0,DRY_20241105,215.8,3.38,8.91,855.2,Leg 3 Drain,404.9,Sector Road,0,7,0,0,0,0.0,0,0,0,0
GWL_0284,28.50714,77.05522,Sector 23 Cartman Street,Sector 23,Gurugram,2024-05-20,15:00,GMDA Open Data / IMD Weather Archive,official_gis,https://mausam.imd.gov.in/,high,0.0,0.0,0.0,0.0,0.0,DRY_20240520,215.9,2.52,8.68,855.4,Leg 3 Drain,387.3,Sector Road,0,7,0,0,0,0.0,0,0,0,0
GWL_0285,28.50634,77.05401,Sector 23 Cartman Street,Sector 23,Gurugram,2018-08-28,08:30,GMDA Open Data / IMD Weather Archive,official_gis,https://mausam.imd.gov.in/,high,45.0,82.0,115.0,132.0,55.0,EVT_20180828,216.0,2.17,8.4,872.0,Leg 3 Drain,402.3,Sector Road,0,7,0,0,0,0.0,0,0,0,0
GWL_0286,28.50644,77.05531,Sector 23 Cartman Street,Sector 23,Gurugram,2021-07-19,07:45,GMDA Open Data / IMD Weather Archive,official_gis,https://mausam.imd.gov.in/,high,62.0,118.0,155.0,185.0,75.0,EVT_20210719,216.5,2.4,8.49,938.2,Leg 3 Drain,385.6,Sector Road,0,7,0,0,0,0.0,0,0,0,0
GWL_0287,28.50654,77.05332,Sector 23 Cartman Street,Sector 23,Gurugram,2019-07-15,14:15,GMDA Open Data / IMD Weather Archive,official_gis,https://mausam.imd.gov.in/,high,32.0,58.0,74.0,89.0,40.0,EVT_20190715,216.4,0.31,8.52,933.8,Leg 3 Drain,405.7,Sector Road,0,7,0,0,0,0.0,0,0,0,0
GWL_0288,28.50786,77.05279,Sector 23 Cartman Street,Sector 23,Gurugram,2018-08-28,08:30,GMDA Open Data / IMD Weather Archive,official_gis,https://mausam.imd.gov.in/,high,45.0,82.0,115.0,132.0,55.0,EVT_20180828,216.5,2.18,8.01,906.3,Leg 3 Drain,407.3,Sector Road,0,7,0,0,0,0.0,0,0,0,0
GWL_0289,28.50831,77.05509,Sector 23 Cartman Street,Sector 23,Gurugram,2025-08-15,14:00,GMDA Open Data / IMD Weather Archive,official_gis,https://mausam.imd.gov.in/,high,6.0,11.0,14.0,18.0,7.0,LIGHT_20250815,216.5,2.09,8.42,919.7,Leg 3 Drain,389.5,Sector Road,0,7,0,0,0,0.0,0,0,0,0
GWL_0290,28.5076,77.05492,Sector 23 Cartman Street,Sector 23,Gurugram,2022-09-22,11:00,GMDA Open Data / IMD Weather Archive,official_gis,https://mausam.imd.gov.in/,high,28.0,52.0,85.0,110.0,35.0,EVT_20220922,216.3,3.15,8.42,909.8,Leg 3 Drain,398.9,Sector Road,0,7,0,0,0,0.0,0,0,0,0
GWL_0291,28.50808,77.05471,Sector 23 Cartman Street,Sector 23,Gurugram,2019-07-15,14:15,GMDA Open Data / IMD Weather Archive,official_gis,https://mausam.imd.gov.in/,high,32.0,58.0,74.0,89.0,40.0,EVT_20190715,216.0,1.89,8.2,875.4,Leg 3 Drain,394.6,Sector Road,0,7,0,0,0,0.0,0,0,0,0
GWL_0292,28.50826,77.05545,Sector 23 Cartman Street,Sector 23,Gurugram,2025-07-20,10:10,GMDA Open Data / IMD Weather Archive,official_gis,https://mausam.imd.gov.in/,high,40.0,72.0,98.0,115.0,48.0,EVT_20250720,216.3,2.65,8.49,910.9,Leg 3 Drain,382.1,Sector Road,0,7,0,0,0,0.0,0,0,0,0
GWL_0293,28.50706,77.05369,Sector 23 Cartman Street,Sector 23,Gurugram,2021-07-19,07:45,GMDA Open Data / IMD Weather Archive,official_gis,https://mausam.imd.gov.in/,high,62.0,118.0,155.0,185.0,75.0,EVT_20210719,216.2,0.35,8.16,888.1,Leg 3 Drain,409.1,Sector Road,0,7,0,0,0,0.0,0,0,0,0
GWL_0294,28.50729,77.05405,Sector 23 Cartman Street,Sector 23,Gurugram,2021-09-01,06:30,GMDA Open Data / IMD Weather Archive,official_gis,https://mausam.imd.gov.in/,high,70.0,125.0,160.0,218.0,85.0,EVT_20210901,216.0,2.22,8.38,868.3,Leg 3 Drain,395.5,Sector Road,0,7,0,0,0,0.0,0,0,0,0
GWL_0295,28.50632,77.05262,Sector 23 Cartman Street,Sector 23,Gurugram,2024-05-20,15:00,GMDA Open Data / IMD Weather Archive,official_gis,https://mausam.imd.gov.in/,high,0.0,0.0,0.0,0.0,0.0,DRY_20240520,216.0,0.32,8.21,873.6,Leg 3 Drain,404.1,Sector Road,0,7,0,0,0,0.0,0,0,0,0
GWL_0296,28.50802,77.05414,Sector 23 Cartman Street,Sector 23,Gurugram,2024-08-11,16:20,GMDA Open Data / IMD Weather Archive,official_gis,https://mausam.imd.gov.in/,high,50.0,92.0,120.0,145.0,60.0,EVT_20240811,216.0,3.27,8.5,863.5,Leg 3 Drain,398.5,Sector Road,0,7,0,0,0,0.0,0,0,0,0
GWL_0297,28.50664,77.05364,Sector 23 Cartman Street,Sector 23,Gurugram,2021-07-19,07:45,GMDA Open Data / IMD Weather Archive,official_gis,https://mausam.imd.gov.in/,high,62.0,118.0,155.0,185.0,75.0,EVT_20210719,216.2,3.08,8.51,905.1,Leg 3 Drain,409.8,Sector Road,0,7,0,0,0,0.0,0,0,0,0
GWL_0298,28.50669,77.05342,Sector 23 Cartman Street,Sector 23,Gurugram,2025-07-20,10:10,GMDA Open Data / IMD Weather Archive,official_gis,https://mausam.imd.gov.in/,high,40.0,72.0,98.0,115.0,48.0,EVT_20250720,216.1,1.59,8.47,904.8,Leg 3 Drain,401.4,Sector Road,0,7,0,0,0,0.0,0,0,0,0
GWL_0299,28.50812,77.05353,Sector 23 Cartman Street,Sector 23,Gurugram,2020-08-19,09:00,GMDA Open Data / IMD Weather Archive,official_gis,https://mausam.imd.gov.in/,high,58.0,105.0,142.0,168.0,70.0,EVT_20200819,216.5,3.35,8.72,902.6,Leg 3 Drain,399.1,Sector Road,0,7,0,0,0,0.0,0,0,0,0
GWL_0300,28.50645,77.05337,Sector 23 Cartman Street,Sector 23,Gurugram,2024-11-05,11:00,GMDA Open Data / IMD Weather Archive,official_gis,https://mausam.imd.gov.in/,high,0.0,0.0,0.0,0.0,0.0,DRY_20241105,215.8,2.19,8.87,847.6,Leg 3 Drain,391.5,Sector Road,0,7,0,0,0,0.0,0,0,0,0
GWL_0301,28.48327,77.01811,Railway Station Road,Sector 4,Gurugram,2023-10-15,12:00,MCG Flood Control Room & GMDA OneMap,official_govt,https://onemapgurugram.gmda.gov.in/,high,0.0,0.0,0.0,0.0,0.0,DRY_20231015,212.2,1.58,10.37,539.8,Leg 1 Drain,62.4,Master Arterial,0,18,1,0,0,0.0,0,0,0,0
GWL_0302,28.48296,77.01983,Railway Station Road,Sector 4,Gurugram,2023-10-15,12:00,MCG Flood Control Room & GMDA OneMap,official_govt,https://onemapgurugram.gmda.gov.in/,high,0.0,0.0,0.0,0.0,0.0,DRY_20231015,212.6,2.44,9.82,594.7,Leg 1 Drain,60.3,Master Arterial,0,18,1,0,0,0.0,0,0,0,0
GWL_0303,28.48381,77.01974,Railway Station Road,Sector 4,Gurugram,2024-08-11,16:20,MCG Flood Control Room & GMDA OneMap,official_govt,https://onemapgurugram.gmda.gov.in/,high,50.0,92.0,120.0,145.0,60.0,EVT_20240811,212.6,3.08,10.18,575.8,Leg 1 Drain,87.1,Master Arterial,0,18,1,0,0,0.0,0,0,0,0
GWL_0304,28.4821,77.0186,Railway Station Road,Sector 4,Gurugram,2021-07-19,07:45,MCG Flood Control Room & GMDA OneMap,official_govt,https://onemapgurugram.gmda.gov.in/,high,62.0,118.0,155.0,185.0,75.0,EVT_20210719,212.2,0.24,10.04,548.8,Leg 1 Drain,74.6,Master Arterial,0,18,1,1,1,13.7,32,0,1,0
GWL_0305,28.48227,77.01868,Railway Station Road,Sector 4,Gurugram,2024-08-02,18:00,MCG Flood Control Room & GMDA OneMap,official_govt,https://onemapgurugram.gmda.gov.in/,high,4.0,8.0,12.0,15.0,5.0,LIGHT_20240802,212.4,2.61,10.19,587.8,Leg 1 Drain,80.8,Master Arterial,0,18,1,0,0,0.0,0,0,0,0
GWL_0306,28.48319,77.01902,Railway Station Road,Sector 4,Gurugram,2024-08-11,16:20,MCG Flood Control Room & GMDA OneMap,official_govt,https://onemapgurugram.gmda.gov.in/,high,50.0,92.0,120.0,145.0,60.0,EVT_20240811,212.3,1.21,10.37,563.4,Leg 1 Drain,84.0,Master Arterial,0,18,1,0,0,0.0,0,0,0,0
GWL_0307,28.48437,77.01957,Railway Station Road,Sector 4,Gurugram,2024-08-02,18:00,MCG Flood Control Room & GMDA OneMap,official_govt,https://onemapgurugram.gmda.gov.in/,high,4.0,8.0,12.0,15.0,5.0,LIGHT_20240802,212.8,1.62,9.7,611.3,Leg 1 Drain,71.1,Master Arterial,0,18,1,0,0,0.0,0,0,0,0
GWL_0308,28.4837,77.01912,Railway Station Road,Sector 4,Gurugram,2023-07-09,05:00,MCG Flood Control Room & GMDA OneMap,official_govt,https://onemapgurugram.gmda.gov.in/,high,75.0,135.0,180.0,240.0,90.0,EVT_20230709,212.7,1.44,9.59,596.7,Leg 1 Drain,64.3,Master Arterial,0,18,1,1,1,18.4,50,0,1,0
GWL_0309,28.48236,77.01708,Railway Station Road,Sector 4,Gurugram,2021-07-19,07:45,MCG Flood Control Room & GMDA OneMap,official_govt,https://onemapgurugram.gmda.gov.in/,high,62.0,118.0,155.0,185.0,75.0,EVT_20210719,212.6,2.3,9.8,573.9,Leg 1 Drain,72.3,Master Arterial,0,18,1,1,1,9.7,70,0,1,0
GWL_0310,28.48372,77.01809,Railway Station Road,Sector 4,Gurugram,2019-07-15,14:15,MCG Flood Control Room & GMDA OneMap,official_govt,https://onemapgurugram.gmda.gov.in/,high,32.0,58.0,74.0,89.0,40.0,EVT_20190715,212.3,3.46,10.03,573.0,Leg 1 Drain,64.2,Master Arterial,0,18,1,0,0,0.0,0,0,0,0
GWL_0311,28.48336,77.01708,Railway Station Road,Sector 4,Gurugram,2019-07-15,14:15,MCG Flood Control Room & GMDA OneMap,official_govt,https://onemapgurugram.gmda.gov.in/,high,32.0,58.0,74.0,89.0,40.0,EVT_20190715,212.5,3.38,9.88,564.1,Leg 1 Drain,60.9,Master Arterial,0,18,1,0,0,0.0,0,0,0,0
GWL_0312,28.48306,77.01748,Railway Station Road,Sector 4,Gurugram,2024-05-20,15:00,MCG Flood Control Room & GMDA OneMap,official_govt,https://onemapgurugram.gmda.gov.in/,high,0.0,0.0,0.0,0.0,0.0,DRY_20240520,212.1,2.7,10.12,540.1,Leg 1 Drain,87.0,Master Arterial,0,18,1,0,0,0.0,0,0,0,0
GWL_0313,28.48225,77.01987,Railway Station Road,Sector 4,Gurugram,2023-07-09,05:00,MCG Flood Control Room & GMDA OneMap,official_govt,https://onemapgurugram.gmda.gov.in/,high,75.0,135.0,180.0,240.0,90.0,EVT_20230709,212.4,3.13,10.14,587.1,Leg 1 Drain,89.5,Master Arterial,0,18,1,1,1,9.3,87,0,1,0
GWL_0314,28.48307,77.01816,Railway Station Road,Sector 4,Gurugram,2022-09-22,11:00,MCG Flood Control Room & GMDA OneMap,official_govt,https://onemapgurugram.gmda.gov.in/,high,28.0,52.0,85.0,110.0,35.0,EVT_20220922,212.4,1.99,9.69,576.1,Leg 1 Drain,76.3,Master Arterial,0,18,1,0,0,0.0,0,0,0,0
GWL_0315,28.48419,77.0195,Railway Station Road,Sector 4,Gurugram,2023-07-09,05:00,MCG Flood Control Room & GMDA OneMap,official_govt,https://onemapgurugram.gmda.gov.in/,high,75.0,135.0,180.0,240.0,90.0,EVT_20230709,212.5,1.2,9.76,570.3,Leg 1 Drain,61.7,Master Arterial,0,18,1,1,1,10.1,46,0,1,0
GWL_0316,28.4848,77.01867,Railway Station Road,Sector 4,Gurugram,2023-07-09,05:00,MCG Flood Control Room & GMDA OneMap,official_govt,https://onemapgurugram.gmda.gov.in/,high,75.0,135.0,180.0,240.0,90.0,EVT_20230709,212.4,2.12,9.68,571.8,Leg 1 Drain,78.8,Master Arterial,0,18,1,1,1,12.3,54,0,1,0
GWL_0317,28.48488,77.01964,Railway Station Road,Sector 4,Gurugram,2024-08-11,16:20,MCG Flood Control Room & GMDA OneMap,official_govt,https://onemapgurugram.gmda.gov.in/,high,50.0,92.0,120.0,145.0,60.0,EVT_20240811,212.6,2.08,10.08,579.1,Leg 1 Drain,71.9,Master Arterial,0,18,1,0,0,0.0,0,0,0,0
GWL_0318,28.48202,77.01843,Railway Station Road,Sector 4,Gurugram,2025-08-15,14:00,MCG Flood Control Room & GMDA OneMap,official_govt,https://onemapgurugram.gmda.gov.in/,high,6.0,11.0,14.0,18.0,7.0,LIGHT_20250815,212.5,0.95,10.46,598.9,Leg 1 Drain,81.7,Master Arterial,0,18,1,0,0,0.0,0,0,0,0
GWL_0319,28.4835,77.01961,Railway Station Road,Sector 4,Gurugram,2024-11-05,11:00,MCG Flood Control Room & GMDA OneMap,official_govt,https://onemapgurugram.gmda.gov.in/,high,0.0,0.0,0.0,0.0,0.0,DRY_20241105,212.2,2.81,9.74,568.8,Leg 1 Drain,68.3,Master Arterial,0,18,1,0,0,0.0,0,0,0,0
GWL_0320,28.48453,77.01983,Railway Station Road,Sector 4,Gurugram,2018-08-28,08:30,MCG Flood Control Room & GMDA OneMap,official_govt,https://onemapgurugram.gmda.gov.in/,high,45.0,82.0,115.0,132.0,55.0,EVT_20180828,212.2,1.73,10.6,556.3,Leg 1 Drain,85.9,Master Arterial,0,18,1,0,0,0.0,0,0,0,0
GWL_0321,28.42837,77.01213,Khandsa Village / Drain Crossing,Sector 37,Gurugram,2024-05-20,15:00,MCG Flood Control Room & GMDA OneMap,official_govt,https://onemapgurugram.gmda.gov.in/,high,0.0,0.0,0.0,0.0,0.0,DRY_20240520,210.3,0.87,11.14,391.0,Badshahpur Drain,25.3,Sector Road,0,28,1,0,0,0.0,0,0,0,0
GWL_0322,28.42808,77.01273,Khandsa Village / Drain Crossing,Sector 37,Gurugram,2024-05-20,15:00,MCG Flood Control Room & GMDA OneMap,official_govt,https://onemapgurugram.gmda.gov.in/,high,0.0,0.0,0.0,0.0,0.0,DRY_20240520,210.8,3.44,10.59,451.1,Badshahpur Drain,32.9,Sector Road,0,28,1,0,0,0.0,0,0,0,0
GWL_0323,28.42832,77.01387,Khandsa Village / Drain Crossing,Sector 37,Gurugram,2024-05-20,15:00,MCG Flood Control Room & GMDA OneMap,official_govt,https://onemapgurugram.gmda.gov.in/,high,0.0,0.0,0.0,0.0,0.0,DRY_20240520,210.3,0.56,11.23,393.1,Badshahpur Drain,35.4,Sector Road,0,28,1,0,0,0.0,0,0,0,0
GWL_0324,28.42928,77.01119,Khandsa Village / Drain Crossing,Sector 37,Gurugram,2019-07-15,14:15,MCG Flood Control Room & GMDA OneMap,official_govt,https://onemapgurugram.gmda.gov.in/,high,32.0,58.0,74.0,89.0,40.0,EVT_20190715,210.8,1.68,10.69,443.1,Badshahpur Drain,37.8,Sector Road,0,28,1,0,0,0.0,0,0,0,0
GWL_0325,28.42666,77.01243,Khandsa Village / Drain Crossing,Sector 37,Gurugram,2018-08-28,08:30,MCG Flood Control Room & GMDA OneMap,official_govt,https://onemapgurugram.gmda.gov.in/,high,45.0,82.0,115.0,132.0,55.0,EVT_20180828,210.7,2.58,10.91,414.9,Badshahpur Drain,19.0,Sector Road,0,28,1,0,0,0.0,0,0,0,0
GWL_0326,28.42768,77.01341,Khandsa Village / Drain Crossing,Sector 37,Gurugram,2023-07-09,05:00,MCG Flood Control Room & GMDA OneMap,official_govt,https://onemapgurugram.gmda.gov.in/,high,75.0,135.0,180.0,240.0,90.0,EVT_20230709,210.3,0.9,11.34,375.9,Badshahpur Drain,39.9,Sector Road,0,28,1,1,2,33.5,134,0,2,0
GWL_0327,28.42748,77.01104,Khandsa Village / Drain Crossing,Sector 37,Gurugram,2024-11-05,11:00,MCG Flood Control Room & GMDA OneMap,official_govt,https://onemapgurugram.gmda.gov.in/,high,0.0,0.0,0.0,0.0,0.0,DRY_20241105,210.7,2.95,10.96,415.2,Badshahpur Drain,32.6,Sector Road,0,28,1,0,0,0.0,0,0,0,0
GWL_0328,28.42891,77.01298,Khandsa Village / Drain Crossing,Sector 37,Gurugram,2022-09-22,11:00,MCG Flood Control Room & GMDA OneMap,official_govt,https://onemapgurugram.gmda.gov.in/,high,28.0,52.0,85.0,110.0,35.0,EVT_20220922,210.7,2.99,10.83,413.0,Badshahpur Drain,24.6,Sector Road,0,28,1,0,0,0.0,0,0,0,0
GWL_0329,28.42683,77.01222,Khandsa Village / Drain Crossing,Sector 37,Gurugram,2024-08-02,18:00,MCG Flood Control Room & GMDA OneMap,official_govt,https://onemapgurugram.gmda.gov.in/,high,4.0,8.0,12.0,15.0,5.0,LIGHT_20240802,210.4,0.42,10.69,388.4,Badshahpur Drain,34.2,Sector Road,0,28,1,0,0,0.0,0,0,0,0
GWL_0330,28.42944,77.01122,Khandsa Village / Drain Crossing,Sector 37,Gurugram,2025-08-15,14:00,MCG Flood Control Room & GMDA OneMap,official_govt,https://onemapgurugram.gmda.gov.in/,high,6.0,11.0,14.0,18.0,7.0,LIGHT_20250815,210.9,1.92,10.44,429.6,Badshahpur Drain,25.0,Sector Road,0,28,1,0,0,0.0,0,0,0,0
GWL_0331,28.42898,77.01312,Khandsa Village / Drain Crossing,Sector 37,Gurugram,2019-07-15,14:15,MCG Flood Control Room & GMDA OneMap,official_govt,https://onemapgurugram.gmda.gov.in/,high,32.0,58.0,74.0,89.0,40.0,EVT_20190715,210.1,0.44,10.86,370.3,Badshahpur Drain,17.0,Sector Road,0,28,1,0,0,0.0,0,0,0,0
GWL_0332,28.42744,77.01341,Khandsa Village / Drain Crossing,Sector 37,Gurugram,2021-07-19,07:45,MCG Flood Control Room & GMDA OneMap,official_govt,https://onemapgurugram.gmda.gov.in/,high,62.0,118.0,155.0,185.0,75.0,EVT_20210719,210.8,1.54,11.09,430.9,Badshahpur Drain,24.3,Sector Road,0,28,1,1,1,8.4,68,0,1,0
GWL_0333,28.42954,77.01281,Khandsa Village / Drain Crossing,Sector 37,Gurugram,2021-07-19,07:45,MCG Flood Control Room & GMDA OneMap,official_govt,https://onemapgurugram.gmda.gov.in/,high,62.0,118.0,155.0,185.0,75.0,EVT_20210719,210.4,2.34,10.46,419.5,Badshahpur Drain,25.1,Sector Road,0,28,1,1,1,11.7,65,0,1,0
GWL_0334,28.42847,77.01122,Khandsa Village / Drain Crossing,Sector 37,Gurugram,2021-07-19,07:45,MCG Flood Control Room & GMDA OneMap,official_govt,https://onemapgurugram.gmda.gov.in/,high,62.0,118.0,155.0,185.0,75.0,EVT_20210719,210.6,1.0,10.97,433.9,Badshahpur Drain,34.1,Sector Road,0,28,1,1,1,13.3,61,0,1,0
GWL_0335,28.42703,77.01333,Khandsa Village / Drain Crossing,Sector 37,Gurugram,2025-07-20,10:10,MCG Flood Control Room & GMDA OneMap,official_govt,https://onemapgurugram.gmda.gov.in/,high,40.0,72.0,98.0,115.0,48.0,EVT_20250720,210.3,1.84,10.66,380.9,Badshahpur Drain,28.9,Sector Road,0,28,1,0,0,0.0,0,0,0,0
GWL_0336,28.42676,77.01325,Khandsa Village / Drain Crossing,Sector 37,Gurugram,2024-08-11,16:20,MCG Flood Control Room & GMDA OneMap,official_govt,https://onemapgurugram.gmda.gov.in/,high,50.0,92.0,120.0,145.0,60.0,EVT_20240811,210.4,0.2,10.85,385.9,Badshahpur Drain,18.3,Sector Road,0,28,1,1,1,15.6,33,0,1,0
GWL_0337,28.42912,77.01101,Khandsa Village / Drain Crossing,Sector 37,Gurugram,2020-08-19,09:00,MCG Flood Control Room & GMDA OneMap,official_govt,https://onemapgurugram.gmda.gov.in/,high,58.0,105.0,142.0,168.0,70.0,EVT_20200819,210.3,2.64,10.7,379.6,Badshahpur Drain,20.8,Sector Road,0,28,1,1,1,9.1,80,0,1,0
GWL_0338,28.42754,77.01337,Khandsa Village / Drain Crossing,Sector 37,Gurugram,2023-07-09,05:00,MCG Flood Control Room & GMDA OneMap,official_govt,https://onemapgurugram.gmda.gov.in/,high,75.0,135.0,180.0,240.0,90.0,EVT_20230709,210.8,1.63,11.09,433.1,Badshahpur Drain,38.9,Sector Road,0,28,1,1,1,6.3,71,0,1,0
GWL_0339,28.42808,77.01216,Khandsa Village / Drain Crossing,Sector 37,Gurugram,2020-08-19,09:00,MCG Flood Control Room & GMDA OneMap,official_govt,https://onemapgurugram.gmda.gov.in/,high,58.0,105.0,142.0,168.0,70.0,EVT_20200819,210.6,2.52,10.26,407.7,Badshahpur Drain,31.4,Sector Road,0,28,1,1,1,15.0,87,0,1,0
GWL_0340,28.42888,77.01385,Khandsa Village / Drain Crossing,Sector 37,Gurugram,2021-09-01,06:30,MCG Flood Control Room & GMDA OneMap,official_govt,https://onemapgurugram.gmda.gov.in/,high,70.0,125.0,160.0,218.0,85.0,EVT_20210901,210.7,1.18,10.33,440.8,Badshahpur Drain,29.3,Sector Road,0,28,1,1,1,5.7,51,0,1,0
GWL_0341,28.47017,76.9925,Basai Enclave,Sector 9B,Gurugram,2024-08-11,16:20,MCG Flood Control Room & GMDA OneMap,official_govt,https://onemapgurugram.gmda.gov.in/,high,50.0,92.0,120.0,145.0,60.0,EVT_20240811,208.4,1.71,11.35,228.7,Basai Outfall Drain,111.1,Sector Road,0,20,1,1,1,5.8,76,0,1,0
GWL_0342,28.46855,76.99347,Basai Enclave,Sector 9B,Gurugram,2021-07-19,07:45,MCG Flood Control Room & GMDA OneMap,official_govt,https://onemapgurugram.gmda.gov.in/,high,62.0,118.0,155.0,185.0,75.0,EVT_20210719,208.8,0.9,11.64,266.9,Basai Outfall Drain,126.4,Sector Road,0,20,1,1,1,8.2,70,0,1,0
GWL_0343,28.46912,76.99189,Basai Enclave,Sector 9B,Gurugram,2025-08-15,14:00,MCG Flood Control Room & GMDA OneMap,official_govt,https://onemapgurugram.gmda.gov.in/,high,6.0,11.0,14.0,18.0,7.0,LIGHT_20250815,208.2,2.35,11.96,209.6,Basai Outfall Drain,119.3,Sector Road,0,20,1,0,0,0.0,0,0,0,0
GWL_0344,28.46849,76.99314,Basai Enclave,Sector 9B,Gurugram,2019-07-15,14:15,MCG Flood Control Room & GMDA OneMap,official_govt,https://onemapgurugram.gmda.gov.in/,high,32.0,58.0,74.0,89.0,40.0,EVT_20190715,208.3,3.14,11.47,220.2,Basai Outfall Drain,101.7,Sector Road,0,20,1,0,0,0.0,0,0,0,0
GWL_0345,28.46763,76.99255,Basai Enclave,Sector 9B,Gurugram,2024-08-11,16:20,MCG Flood Control Room & GMDA OneMap,official_govt,https://onemapgurugram.gmda.gov.in/,high,50.0,92.0,120.0,145.0,60.0,EVT_20240811,208.3,2.96,11.19,220.7,Basai Outfall Drain,110.1,Sector Road,0,20,1,1,1,5.3,37,0,1,0
GWL_0346,28.46854,76.99248,Basai Enclave,Sector 9B,Gurugram,2024-08-02,18:00,MCG Flood Control Room & GMDA OneMap,official_govt,https://onemapgurugram.gmda.gov.in/,high,4.0,8.0,12.0,15.0,5.0,LIGHT_20240802,208.4,1.95,11.74,214.4,Basai Outfall Drain,113.9,Sector Road,0,20,1,0,0,0.0,0,0,0,0
GWL_0347,28.47019,76.99256,Basai Enclave,Sector 9B,Gurugram,2025-08-15,14:00,MCG Flood Control Room & GMDA OneMap,official_govt,https://onemapgurugram.gmda.gov.in/,high,6.0,11.0,14.0,18.0,7.0,LIGHT_20250815,208.6,1.23,11.83,261.9,Basai Outfall Drain,115.6,Sector Road,0,20,1,0,0,0.0,0,0,0,0
GWL_0348,28.47023,76.99138,Basai Enclave,Sector 9B,Gurugram,2025-08-15,14:00,MCG Flood Control Room & GMDA OneMap,official_govt,https://onemapgurugram.gmda.gov.in/,high,6.0,11.0,14.0,18.0,7.0,LIGHT_20250815,208.1,2.74,12.07,193.3,Basai Outfall Drain,108.0,Sector Road,0,20,1,0,0,0.0,0,0,0,0
GWL_0349,28.46735,76.99188,Basai Enclave,Sector 9B,Gurugram,2025-07-20,10:10,MCG Flood Control Room & GMDA OneMap,official_govt,https://onemapgurugram.gmda.gov.in/,high,40.0,72.0,98.0,115.0,48.0,EVT_20250720,208.7,1.91,11.37,254.4,Basai Outfall Drain,100.0,Sector Road,0,20,1,0,0,0.0,0,0,0,0
GWL_0350,28.4682,76.99294,Basai Enclave,Sector 9B,Gurugram,2019-07-15,14:15,MCG Flood Control Room & GMDA OneMap,official_govt,https://onemapgurugram.gmda.gov.in/,high,32.0,58.0,74.0,89.0,40.0,EVT_20190715,208.9,3.0,10.96,292.4,Basai Outfall Drain,123.5,Sector Road,0,20,1,0,0,0.0,0,0,0,0
GWL_0351,28.46964,76.99237,Basai Enclave,Sector 9B,Gurugram,2018-08-28,08:30,MCG Flood Control Room & GMDA OneMap,official_govt,https://onemapgurugram.gmda.gov.in/,high,45.0,82.0,115.0,132.0,55.0,EVT_20180828,208.4,1.2,11.21,223.1,Basai Outfall Drain,107.4,Sector Road,0,20,1,0,0,0.0,0,0,0,0
GWL_0352,28.46875,76.99324,Basai Enclave,Sector 9B,Gurugram,2024-05-20,15:00,MCG Flood Control Room & GMDA OneMap,official_govt,https://onemapgurugram.gmda.gov.in/,high,0.0,0.0,0.0,0.0,0.0,DRY_20240520,208.5,0.39,12.06,260.2,Basai Outfall Drain,123.6,Sector Road,0,20,1,0,0,0.0,0,0,0,0
GWL_0353,28.47027,76.99263,Basai Enclave,Sector 9B,Gurugram,2025-07-20,10:10,MCG Flood Control Room & GMDA OneMap,official_govt,https://onemapgurugram.gmda.gov.in/,high,40.0,72.0,98.0,115.0,48.0,EVT_20250720,208.9,0.45,11.31,265.5,Basai Outfall Drain,105.9,Sector Road,0,20,1,0,0,0.0,0,0,0,0
GWL_0354,28.46772,76.99287,Basai Enclave,Sector 9B,Gurugram,2025-08-15,14:00,MCG Flood Control Room & GMDA OneMap,official_govt,https://onemapgurugram.gmda.gov.in/,high,6.0,11.0,14.0,18.0,7.0,LIGHT_20250815,208.7,2.11,11.17,271.9,Basai Outfall Drain,119.1,Sector Road,0,20,1,0,0,0.0,0,0,0,0
GWL_0355,28.46846,76.99302,Basai Enclave,Sector 9B,Gurugram,2018-08-28,08:30,MCG Flood Control Room & GMDA OneMap,official_govt,https://onemapgurugram.gmda.gov.in/,high,45.0,82.0,115.0,132.0,55.0,EVT_20180828,208.3,1.34,12.1,217.1,Basai Outfall Drain,114.1,Sector Road,0,20,1,0,0,0.0,0,0,0,0
GWL_0356,28.46997,76.99312,Basai Enclave,Sector 9B,Gurugram,2019-07-15,14:15,MCG Flood Control Room & GMDA OneMap,official_govt,https://onemapgurugram.gmda.gov.in/,high,32.0,58.0,74.0,89.0,40.0,EVT_20190715,208.1,0.69,11.27,213.7,Basai Outfall Drain,113.4,Sector Road,0,20,1,0,0,0.0,0,0,0,0
GWL_0357,28.4677,76.99387,Basai Enclave,Sector 9B,Gurugram,2024-08-02,18:00,MCG Flood Control Room & GMDA OneMap,official_govt,https://onemapgurugram.gmda.gov.in/,high,4.0,8.0,12.0,15.0,5.0,LIGHT_20240802,208.5,1.0,11.6,249.7,Basai Outfall Drain,102.3,Sector Road,0,20,1,0,0,0.0,0,0,0,0
GWL_0358,28.46812,76.99342,Basai Enclave,Sector 9B,Gurugram,2025-08-15,14:00,MCG Flood Control Room & GMDA OneMap,official_govt,https://onemapgurugram.gmda.gov.in/,high,6.0,11.0,14.0,18.0,7.0,LIGHT_20250815,208.5,2.0,11.53,224.3,Basai Outfall Drain,105.0,Sector Road,0,20,1,0,0,0.0,0,0,0,0
GWL_0359,28.46864,76.99163,Basai Enclave,Sector 9B,Gurugram,2021-07-19,07:45,MCG Flood Control Room & GMDA OneMap,official_govt,https://onemapgurugram.gmda.gov.in/,high,62.0,118.0,155.0,185.0,75.0,EVT_20210719,208.1,2.98,12.24,220.2,Basai Outfall Drain,125.6,Sector Road,0,20,1,1,1,8.6,87,0,1,0
GWL_0360,28.46789,76.99385,Basai Enclave,Sector 9B,Gurugram,2020-08-19,09:00,MCG Flood Control Room & GMDA OneMap,official_govt,https://onemapgurugram.gmda.gov.in/,high,58.0,105.0,142.0,168.0,70.0,EVT_20200819,208.9,2.55,11.92,279.3,Basai Outfall Drain,107.8,Sector Road,0,20,1,1,1,11.6,65,0,1,0
GWL_0361,28.38792,77.02927,Southern Peripheral Road (Sector 70 Junction),Sector 70,Gurugram,2023-07-09,05:00,MCG Flood Control Room & GMDA OneMap,official_govt,https://onemapgurugram.gmda.gov.in/,high,75.0,135.0,180.0,240.0,90.0,EVT_20230709,209.8,0.83,11.37,369.3,Badshahpur Drain,148.3,Master Arterial,0,17,1,1,1,19.4,61,0,1,0
GWL_0362,28.39063,77.02967,Southern Peripheral Road (Sector 70 Junction),Sector 70,Gurugram,2024-08-11,16:20,MCG Flood Control Room & GMDA OneMap,official_govt,https://onemapgurugram.gmda.gov.in/,high,50.0,92.0,120.0,145.0,60.0,EVT_20240811,209.1,1.77,11.58,283.4,Badshahpur Drain,139.2,Master Arterial,0,17,1,1,1,15.0,39,0,1,0
GWL_0363,28.3894,77.02971,Southern Peripheral Road (Sector 70 Junction),Sector 70,Gurugram,2024-08-11,16:20,MCG Flood Control Room & GMDA OneMap,official_govt,https://onemapgurugram.gmda.gov.in/,high,50.0,92.0,120.0,145.0,60.0,EVT_20240811,209.4,0.24,10.75,313.3,Badshahpur Drain,147.8,Master Arterial,0,17,1,0,0,0.0,0,0,0,0
GWL_0364,28.38839,77.0293,Southern Peripheral Road (Sector 70 Junction),Sector 70,Gurugram,2021-07-19,07:45,MCG Flood Control Room & GMDA OneMap,official_govt,https://onemapgurugram.gmda.gov.in/,high,62.0,118.0,155.0,185.0,75.0,EVT_20210719,209.2,1.26,11.67,311.2,Badshahpur Drain,122.9,Master Arterial,0,17,1,1,1,11.4,31,0,1,0
GWL_0365,28.38914,77.02939,Southern Peripheral Road (Sector 70 Junction),Sector 70,Gurugram,2025-08-15,14:00,MCG Flood Control Room & GMDA OneMap,official_govt,https://onemapgurugram.gmda.gov.in/,high,6.0,11.0,14.0,18.0,7.0,LIGHT_20250815,209.1,1.15,11.26,310.3,Badshahpur Drain,149.8,Master Arterial,0,17,1,0,0,0.0,0,0,0,0
GWL_0366,28.38783,77.02968,Southern Peripheral Road (Sector 70 Junction),Sector 70,Gurugram,2023-07-09,05:00,MCG Flood Control Room & GMDA OneMap,official_govt,https://onemapgurugram.gmda.gov.in/,high,75.0,135.0,180.0,240.0,90.0,EVT_20230709,209.3,1.5,11.53,327.2,Badshahpur Drain,148.5,Master Arterial,0,17,1,1,1,13.7,51,0,1,0
GWL_0367,28.39006,77.02815,Southern Peripheral Road (Sector 70 Junction),Sector 70,Gurugram,2018-08-28,08:30,MCG Flood Control Room & GMDA OneMap,official_govt,https://onemapgurugram.gmda.gov.in/,high,45.0,82.0,115.0,132.0,55.0,EVT_20180828,209.5,1.38,11.36,317.1,Badshahpur Drain,125.7,Master Arterial,0,17,1,0,0,0.0,0,0,0,0
GWL_0368,28.39045,77.02771,Southern Peripheral Road (Sector 70 Junction),Sector 70,Gurugram,2020-08-19,09:00,MCG Flood Control Room & GMDA OneMap,official_govt,https://onemapgurugram.gmda.gov.in/,high,58.0,105.0,142.0,168.0,70.0,EVT_20200819,209.4,0.93,10.78,300.4,Badshahpur Drain,125.3,Master Arterial,0,17,1,1,1,18.0,46,0,1,0
GWL_0369,28.39055,77.02914,Southern Peripheral Road (Sector 70 Junction),Sector 70,Gurugram,2023-07-09,05:00,MCG Flood Control Room & GMDA OneMap,official_govt,https://onemapgurugram.gmda.gov.in/,high,75.0,135.0,180.0,240.0,90.0,EVT_20230709,209.3,2.11,11.3,320.9,Badshahpur Drain,128.5,Master Arterial,0,17,1,1,1,10.3,83,0,1,0
GWL_0370,28.39054,77.03008,Southern Peripheral Road (Sector 70 Junction),Sector 70,Gurugram,2018-08-28,08:30,MCG Flood Control Room & GMDA OneMap,official_govt,https://onemapgurugram.gmda.gov.in/,high,45.0,82.0,115.0,132.0,55.0,EVT_20180828,209.3,2.78,11.26,310.4,Badshahpur Drain,126.1,Master Arterial,0,17,1,0,0,0.0,0,0,0,0
GWL_0371,28.38947,77.02796,Southern Peripheral Road (Sector 70 Junction),Sector 70,Gurugram,2023-07-09,05:00,MCG Flood Control Room & GMDA OneMap,official_govt,https://onemapgurugram.gmda.gov.in/,high,75.0,135.0,180.0,240.0,90.0,EVT_20230709,209.3,3.02,10.99,293.3,Badshahpur Drain,122.1,Master Arterial,0,17,1,1,1,19.1,60,0,1,0
GWL_0372,28.38893,77.02983,Southern Peripheral Road (Sector 70 Junction),Sector 70,Gurugram,2021-09-01,06:30,MCG Flood Control Room & GMDA OneMap,official_govt,https://onemapgurugram.gmda.gov.in/,high,70.0,125.0,160.0,218.0,85.0,EVT_20210901,209.7,1.3,11.31,355.3,Badshahpur Drain,139.6,Master Arterial,0,17,1,1,1,7.3,82,0,1,0
GWL_0373,28.38932,77.02825,Southern Peripheral Road (Sector 70 Junction),Sector 70,Gurugram,2024-08-02,18:00,MCG Flood Control Room & GMDA OneMap,official_govt,https://onemapgurugram.gmda.gov.in/,high,4.0,8.0,12.0,15.0,5.0,LIGHT_20240802,209.3,0.32,10.91,321.1,Badshahpur Drain,120.0,Master Arterial,0,17,1,0,0,0.0,0,0,0,0
GWL_0374,28.38895,77.02897,Southern Peripheral Road (Sector 70 Junction),Sector 70,Gurugram,2024-08-02,18:00,MCG Flood Control Room & GMDA OneMap,official_govt,https://onemapgurugram.gmda.gov.in/,high,4.0,8.0,12.0,15.0,5.0,LIGHT_20240802,209.0,3.41,11.13,277.2,Badshahpur Drain,129.1,Master Arterial,0,17,1,0,0,0.0,0,0,0,0
GWL_0375,28.38839,77.0274,Southern Peripheral Road (Sector 70 Junction),Sector 70,Gurugram,2024-08-11,16:20,MCG Flood Control Room & GMDA OneMap,official_govt,https://onemapgurugram.gmda.gov.in/,high,50.0,92.0,120.0,145.0,60.0,EVT_20240811,209.6,3.39,10.88,342.5,Badshahpur Drain,142.3,Master Arterial,0,17,1,0,0,0.0,0,0,0,0
GWL_0376,28.39025,77.02867,Southern Peripheral Road (Sector 70 Junction),Sector 70,Gurugram,2021-09-01,06:30,MCG Flood Control Room & GMDA OneMap,official_govt,https://onemapgurugram.gmda.gov.in/,high,70.0,125.0,160.0,218.0,85.0,EVT_20210901,209.2,1.27,11.53,314.7,Badshahpur Drain,125.4,Master Arterial,0,17,1,1,1,10.6,84,0,1,0
GWL_0377,28.39012,77.03035,Southern Peripheral Road (Sector 70 Junction),Sector 70,Gurugram,2023-07-09,05:00,MCG Flood Control Room & GMDA OneMap,official_govt,https://onemapgurugram.gmda.gov.in/,high,75.0,135.0,180.0,240.0,90.0,EVT_20230709,209.6,1.5,11.25,342.4,Badshahpur Drain,122.4,Master Arterial,0,17,1,1,1,13.2,72,0,1,0
GWL_0378,28.3882,77.02974,Southern Peripheral Road (Sector 70 Junction),Sector 70,Gurugram,2024-11-05,11:00,MCG Flood Control Room & GMDA OneMap,official_govt,https://onemapgurugram.gmda.gov.in/,high,0.0,0.0,0.0,0.0,0.0,DRY_20241105,209.5,3.34,10.74,318.1,Badshahpur Drain,138.0,Master Arterial,0,17,1,0,0,0.0,0,0,0,0
GWL_0379,28.38859,77.02954,Southern Peripheral Road (Sector 70 Junction),Sector 70,Gurugram,2024-11-05,11:00,MCG Flood Control Room & GMDA OneMap,official_govt,https://onemapgurugram.gmda.gov.in/,high,0.0,0.0,0.0,0.0,0.0,DRY_20241105,209.6,0.54,11.17,336.4,Badshahpur Drain,131.1,Master Arterial,0,17,1,0,0,0.0,0,0,0,0
GWL_0380,28.3905,77.02988,Southern Peripheral Road (Sector 70 Junction),Sector 70,Gurugram,2024-08-02,18:00,MCG Flood Control Room & GMDA OneMap,official_govt,https://onemapgurugram.gmda.gov.in/,high,4.0,8.0,12.0,15.0,5.0,LIGHT_20240802,209.6,2.56,11.12,352.8,Badshahpur Drain,140.8,Master Arterial,0,17,1,0,0,0.0,0,0,0,0
GWL_0381,28.38519,77.01609,Southern Peripheral Road (Sector 75),Sector 75,Gurugram,2025-07-20,10:10,MCG Flood Control Room & GMDA OneMap,official_govt,https://onemapgurugram.gmda.gov.in/,high,40.0,72.0,98.0,115.0,48.0,EVT_20250720,208.6,2.86,11.26,244.8,Badshahpur Drain,80.1,Master Arterial,0,15,1,0,0,0.0,0,0,0,0
GWL_0382,28.38594,77.01607,Southern Peripheral Road (Sector 75),Sector 75,Gurugram,2024-05-20,15:00,MCG Flood Control Room & GMDA OneMap,official_govt,https://onemapgurugram.gmda.gov.in/,high,0.0,0.0,0.0,0.0,0.0,DRY_20240520,209.0,2.6,11.46,302.9,Badshahpur Drain,84.9,Master Arterial,0,15,1,0,0,0.0,0,0,0,0
GWL_0383,28.38414,77.01399,Southern Peripheral Road (Sector 75),Sector 75,Gurugram,2024-11-05,11:00,MCG Flood Control Room & GMDA OneMap,official_govt,https://onemapgurugram.gmda.gov.in/,high,0.0,0.0,0.0,0.0,0.0,DRY_20241105,209.0,2.62,11.28,266.0,Badshahpur Drain,95.2,Master Arterial,0,15,1,0,0,0.0,0,0,0,0
GWL_0384,28.38303,77.01561,Southern Peripheral Road (Sector 75),Sector 75,Gurugram,2024-08-11,16:20,MCG Flood Control Room & GMDA OneMap,official_govt,https://onemapgurugram.gmda.gov.in/,high,50.0,92.0,120.0,145.0,60.0,EVT_20240811,209.2,1.64,11.05,310.2,Badshahpur Drain,94.5,Master Arterial,0,15,1,1,1,13.2,88,0,1,0
GWL_0385,28.38316,77.01501,Southern Peripheral Road (Sector 75),Sector 75,Gurugram,2020-08-19,09:00,MCG Flood Control Room & GMDA OneMap,official_govt,https://onemapgurugram.gmda.gov.in/,high,58.0,105.0,142.0,168.0,70.0,EVT_20200819,209.0,3.05,11.08,297.0,Badshahpur Drain,86.6,Master Arterial,0,15,1,1,1,10.9,37,0,1,0
GWL_0386,28.3856,77.01397,Southern Peripheral Road (Sector 75),Sector 75,Gurugram,2021-07-19,07:45,MCG Flood Control Room & GMDA OneMap,official_govt,https://onemapgurugram.gmda.gov.in/,high,62.0,118.0,155.0,185.0,75.0,EVT_20210719,208.6,1.16,11.93,257.9,Badshahpur Drain,93.9,Master Arterial,0,15,1,1,1,8.8,67,0,1,0
GWL_0387,28.38472,77.016,Southern Peripheral Road (Sector 75),Sector 75,Gurugram,2021-09-01,06:30,MCG Flood Control Room & GMDA OneMap,official_govt,https://onemapgurugram.gmda.gov.in/,high,70.0,125.0,160.0,218.0,85.0,EVT_20210901,209.1,0.24,11.53,275.6,Badshahpur Drain,86.5,Master Arterial,0,15,1,1,1,9.3,48,0,1,0
GWL_0388,28.38406,77.01536,Southern Peripheral Road (Sector 75),Sector 75,Gurugram,2021-07-19,07:45,MCG Flood Control Room & GMDA OneMap,official_govt,https://onemapgurugram.gmda.gov.in/,high,62.0,118.0,155.0,185.0,75.0,EVT_20210719,208.7,2.62,11.42,242.2,Badshahpur Drain,93.5,Master Arterial,0,15,1,1,1,9.3,55,0,1,0
GWL_0389,28.38506,77.0145,Southern Peripheral Road (Sector 75),Sector 75,Gurugram,2018-08-28,08:30,MCG Flood Control Room & GMDA OneMap,official_govt,https://onemapgurugram.gmda.gov.in/,high,45.0,82.0,115.0,132.0,55.0,EVT_20180828,208.4,1.43,12.08,239.7,Badshahpur Drain,90.1,Master Arterial,0,15,1,1,1,14.5,41,0,1,0
GWL_0390,28.38426,77.01575,Southern Peripheral Road (Sector 75),Sector 75,Gurugram,2023-10-15,12:00,MCG Flood Control Room & GMDA OneMap,official_govt,https://onemapgurugram.gmda.gov.in/,high,0.0,0.0,0.0,0.0,0.0,DRY_20231015,208.5,1.12,11.38,239.8,Badshahpur Drain,99.4,Master Arterial,0,15,1,0,0,0.0,0,0,0,0
GWL_0391,28.3832,77.01506,Southern Peripheral Road (Sector 75),Sector 75,Gurugram,2024-11-05,11:00,MCG Flood Control Room & GMDA OneMap,official_govt,https://onemapgurugram.gmda.gov.in/,high,0.0,0.0,0.0,0.0,0.0,DRY_20241105,208.5,3.4,11.21,238.6,Badshahpur Drain,92.1,Master Arterial,0,15,1,0,0,0.0,0,0,0,0
GWL_0392,28.38511,77.01477,Southern Peripheral Road (Sector 75),Sector 75,Gurugram,2025-07-20,10:10,MCG Flood Control Room & GMDA OneMap,official_govt,https://onemapgurugram.gmda.gov.in/,high,40.0,72.0,98.0,115.0,48.0,EVT_20250720,208.7,1.51,11.28,247.7,Badshahpur Drain,84.5,Master Arterial,0,15,1,0,0,0.0,0,0,0,0
GWL_0393,28.38381,77.01436,Southern Peripheral Road (Sector 75),Sector 75,Gurugram,2018-08-28,08:30,MCG Flood Control Room & GMDA OneMap,official_govt,https://onemapgurugram.gmda.gov.in/,high,45.0,82.0,115.0,132.0,55.0,EVT_20180828,208.9,3.4,11.54,259.6,Badshahpur Drain,72.3,Master Arterial,0,15,1,0,0,0.0,0,0,0,0
GWL_0394,28.38585,77.01439,Southern Peripheral Road (Sector 75),Sector 75,Gurugram,2024-11-05,11:00,MCG Flood Control Room & GMDA OneMap,official_govt,https://onemapgurugram.gmda.gov.in/,high,0.0,0.0,0.0,0.0,0.0,DRY_20241105,208.5,2.18,11.72,248.4,Badshahpur Drain,78.0,Master Arterial,0,15,1,0,0,0.0,0,0,0,0
GWL_0395,28.38305,77.0164,Southern Peripheral Road (Sector 75),Sector 75,Gurugram,2022-09-22,11:00,MCG Flood Control Room & GMDA OneMap,official_govt,https://onemapgurugram.gmda.gov.in/,high,28.0,52.0,85.0,110.0,35.0,EVT_20220922,208.6,2.43,11.77,255.4,Badshahpur Drain,79.4,Master Arterial,0,15,1,0,0,0.0,0,0,0,0
GWL_0396,28.38381,77.01529,Southern Peripheral Road (Sector 75),Sector 75,Gurugram,2018-08-28,08:30,MCG Flood Control Room & GMDA OneMap,official_govt,https://onemapgurugram.gmda.gov.in/,high,45.0,82.0,115.0,132.0,55.0,EVT_20180828,209.1,3.32,10.97,279.7,Badshahpur Drain,98.3,Master Arterial,0,15,1,0,0,0.0,0,0,0,0
GWL_0397,28.38521,77.01615,Southern Peripheral Road (Sector 75),Sector 75,Gurugram,2018-08-28,08:30,MCG Flood Control Room & GMDA OneMap,official_govt,https://onemapgurugram.gmda.gov.in/,high,45.0,82.0,115.0,132.0,55.0,EVT_20180828,208.6,2.14,11.76,258.2,Badshahpur Drain,82.2,Master Arterial,0,15,1,1,1,5.2,64,0,1,0
GWL_0398,28.38376,77.01485,Southern Peripheral Road (Sector 75),Sector 75,Gurugram,2023-10-15,12:00,MCG Flood Control Room & GMDA OneMap,official_govt,https://onemapgurugram.gmda.gov.in/,high,0.0,0.0,0.0,0.0,0.0,DRY_20231015,209.2,1.52,11.66,289.5,Badshahpur Drain,90.2,Master Arterial,0,15,1,0,0,0.0,0,0,0,0
GWL_0399,28.38593,77.01381,Southern Peripheral Road (Sector 75),Sector 75,Gurugram,2024-08-11,16:20,MCG Flood Control Room & GMDA OneMap,official_govt,https://onemapgurugram.gmda.gov.in/,high,50.0,92.0,120.0,145.0,60.0,EVT_20240811,208.4,1.63,11.23,243.9,Badshahpur Drain,97.4,Master Arterial,0,15,1,1,1,11.5,45,0,1,0
GWL_0400,28.3843,77.01567,Southern Peripheral Road (Sector 75),Sector 75,Gurugram,2025-07-20,10:10,MCG Flood Control Room & GMDA OneMap,official_govt,https://onemapgurugram.gmda.gov.in/,high,40.0,72.0,98.0,115.0,48.0,EVT_20250720,208.4,2.15,11.75,239.5,Badshahpur Drain,77.3,Master Arterial,0,15,1,0,0,0.0,0,0,0,0
GWL_0401,28.43274,77.10127,Sector 56 Metro Station Area,Sector 56,Gurugram,2025-08-15,14:00,GMDA Open Data / IMD Weather Archive,official_gis,https://mausam.imd.gov.in/,high,6.0,11.0,14.0,18.0,7.0,LIGHT_20250815,224.3,3.1,5.52,1566.0,Sector 56 Local Drain,417.5,Master Arterial,0,5,0,0,0,0.0,0,0,0,0
GWL_0402,28.43124,77.10181,Sector 56 Metro Station Area,Sector 56,Gurugram,2025-07-20,10:10,GMDA Open Data / IMD Weather Archive,official_gis,https://mausam.imd.gov.in/,high,40.0,72.0,98.0,115.0,48.0,EVT_20250720,224.3,0.41,5.24,1594.8,Sector 56 Local Drain,428.2,Master Arterial,0,5,0,0,0,0.0,0,0,0,0
GWL_0403,28.43262,77.10124,Sector 56 Metro Station Area,Sector 56,Gurugram,2020-08-19,09:00,GMDA Open Data / IMD Weather Archive,official_gis,https://mausam.imd.gov.in/,high,58.0,105.0,142.0,168.0,70.0,EVT_20200819,224.9,2.97,5.35,1649.4,Sector 56 Local Drain,438.0,Master Arterial,0,5,0,0,0,0.0,0,0,0,0
GWL_0404,28.43223,77.1016,Sector 56 Metro Station Area,Sector 56,Gurugram,2018-08-28,08:30,GMDA Open Data / IMD Weather Archive,official_gis,https://mausam.imd.gov.in/,high,45.0,82.0,115.0,132.0,55.0,EVT_20180828,224.6,2.65,5.4,1611.9,Sector 56 Local Drain,412.1,Master Arterial,0,5,0,0,0,0.0,0,0,0,0
GWL_0405,28.43171,77.10376,Sector 56 Metro Station Area,Sector 56,Gurugram,2025-07-20,10:10,GMDA Open Data / IMD Weather Archive,official_gis,https://mausam.imd.gov.in/,high,40.0,72.0,98.0,115.0,48.0,EVT_20250720,224.6,1.98,4.93,1605.7,Sector 56 Local Drain,436.9,Master Arterial,0,5,0,0,0,0.0,0,0,0,0
GWL_0406,28.4326,77.10336,Sector 56 Metro Station Area,Sector 56,Gurugram,2019-07-15,14:15,GMDA Open Data / IMD Weather Archive,official_gis,https://mausam.imd.gov.in/,high,32.0,58.0,74.0,89.0,40.0,EVT_20190715,224.5,2.28,4.95,1610.7,Sector 56 Local Drain,422.8,Master Arterial,0,5,0,0,0,0.0,0,0,0,0
GWL_0407,28.43193,77.10295,Sector 56 Metro Station Area,Sector 56,Gurugram,2025-08-15,14:00,GMDA Open Data / IMD Weather Archive,official_gis,https://mausam.imd.gov.in/,high,6.0,11.0,14.0,18.0,7.0,LIGHT_20250815,224.8,0.41,5.4,1619.7,Sector 56 Local Drain,423.3,Master Arterial,0,5,0,0,0,0.0,0,0,0,0
GWL_0408,28.43067,77.1019,Sector 56 Metro Station Area,Sector 56,Gurugram,2020-08-19,09:00,GMDA Open Data / IMD Weather Archive,official_gis,https://mausam.imd.gov.in/,high,58.0,105.0,142.0,168.0,70.0,EVT_20200819,224.5,0.39,5.19,1619.6,Sector 56 Local Drain,413.2,Master Arterial,0,5,0,0,0,0.0,0,0,0,0
GWL_0409,28.43289,77.10223,Sector 56 Metro Station Area,Sector 56,Gurugram,2019-07-15,14:15,GMDA Open Data / IMD Weather Archive,official_gis,https://mausam.imd.gov.in/,high,32.0,58.0,74.0,89.0,40.0,EVT_20190715,224.6,1.06,4.82,1597.4,Sector 56 Local Drain,412.1,Master Arterial,0,5,0,0,0,0.0,0,0,0,0
GWL_0410,28.43116,77.10299,Sector 56 Metro Station Area,Sector 56,Gurugram,2023-10-15,12:00,GMDA Open Data / IMD Weather Archive,official_gis,https://mausam.imd.gov.in/,high,0.0,0.0,0.0,0.0,0.0,DRY_20231015,224.8,2.89,5.27,1612.4,Sector 56 Local Drain,418.7,Master Arterial,0,5,0,0,0,0.0,0,0,0,0
GWL_0411,28.43153,77.10175,Sector 56 Metro Station Area,Sector 56,Gurugram,2019-07-15,14:15,GMDA Open Data / IMD Weather Archive,official_gis,https://mausam.imd.gov.in/,high,32.0,58.0,74.0,89.0,40.0,EVT_20190715,224.5,1.97,5.06,1596.7,Sector 56 Local Drain,434.9,Master Arterial,0,5,0,0,0,0.0,0,0,0,0
GWL_0412,28.43297,77.10192,Sector 56 Metro Station Area,Sector 56,Gurugram,2024-05-20,15:00,GMDA Open Data / IMD Weather Archive,official_gis,https://mausam.imd.gov.in/,high,0.0,0.0,0.0,0.0,0.0,DRY_20240520,224.8,3.34,4.91,1622.2,Sector 56 Local Drain,425.2,Master Arterial,0,5,0,0,0,0.0,0,0,0,0
GWL_0413,28.43342,77.10363,Sector 56 Metro Station Area,Sector 56,Gurugram,2025-08-15,14:00,GMDA Open Data / IMD Weather Archive,official_gis,https://mausam.imd.gov.in/,high,6.0,11.0,14.0,18.0,7.0,LIGHT_20250815,224.2,1.5,5.37,1577.1,Sector 56 Local Drain,415.8,Master Arterial,0,5,0,0,0,0.0,0,0,0,0
GWL_0414,28.43318,77.10303,Sector 56 Metro Station Area,Sector 56,Gurugram,2021-07-19,07:45,GMDA Open Data / IMD Weather Archive,official_gis,https://mausam.imd.gov.in/,high,62.0,118.0,155.0,185.0,75.0,EVT_20210719,224.8,3.03,5.33,1625.6,Sector 56 Local Drain,428.3,Master Arterial,0,5,0,0,0,0.0,0,0,0,0
GWL_0415,28.43108,77.10302,Sector 56 Metro Station Area,Sector 56,Gurugram,2023-07-09,05:00,GMDA Open Data / IMD Weather Archive,official_gis,https://mausam.imd.gov.in/,high,75.0,135.0,180.0,240.0,90.0,EVT_20230709,224.2,2.49,5.05,1561.7,Sector 56 Local Drain,415.0,Master Arterial,0,5,0,0,0,0.0,0,0,0,0
GWL_0416,28.43061,77.10316,Sector 56 Metro Station Area,Sector 56,Gurugram,2019-07-15,14:15,GMDA Open Data / IMD Weather Archive,official_gis,https://mausam.imd.gov.in/,high,32.0,58.0,74.0,89.0,40.0,EVT_20190715,224.7,1.9,4.78,1602.8,Sector 56 Local Drain,410.6,Master Arterial,0,5,0,0,0,0.0,0,0,0,0
GWL_0417,28.4311,77.10367,Sector 56 Metro Station Area,Sector 56,Gurugram,2023-10-15,12:00,GMDA Open Data / IMD Weather Archive,official_gis,https://mausam.imd.gov.in/,high,0.0,0.0,0.0,0.0,0.0,DRY_20231015,224.3,1.37,4.89,1574.4,Sector 56 Local Drain,425.6,Master Arterial,0,5,0,0,0,0.0,0,0,0,0
GWL_0418,28.43242,77.10174,Sector 56 Metro Station Area,Sector 56,Gurugram,2021-07-19,07:45,GMDA Open Data / IMD Weather Archive,official_gis,https://mausam.imd.gov.in/,high,62.0,118.0,155.0,185.0,75.0,EVT_20210719,224.1,1.49,5.09,1557.3,Sector 56 Local Drain,438.8,Master Arterial,0,5,0,0,0,0.0,0,0,0,0
GWL_0419,28.43245,77.10267,Sector 56 Metro Station Area,Sector 56,Gurugram,2023-10-15,12:00,GMDA Open Data / IMD Weather Archive,official_gis,https://mausam.imd.gov.in/,high,0.0,0.0,0.0,0.0,0.0,DRY_20231015,224.4,1.62,5.28,1601.9,Sector 56 Local Drain,431.1,Master Arterial,0,5,0,0,0,0.0,0,0,0,0
GWL_0420,28.43112,77.1025,Sector 56 Metro Station Area,Sector 56,Gurugram,2023-10-15,12:00,GMDA Open Data / IMD Weather Archive,official_gis,https://mausam.imd.gov.in/,high,0.0,0.0,0.0,0.0,0.0,DRY_20231015,224.4,3.07,5.37,1595.3,Sector 56 Local Drain,413.5,Master Arterial,0,5,0,0,0,0.0,0,0,0,0
GWL_0421,28.42712,77.08525,Sector 57 Hong Kong Bazaar Stretch,Sector 57,Gurugram,2018-08-28,08:30,GMDA Open Data / IMD Weather Archive,official_gis,https://mausam.imd.gov.in/,high,45.0,82.0,115.0,132.0,55.0,EVT_20180828,220.9,0.67,6.83,1284.8,Sector 57 Branch Drain,231.8,Sector Road,0,11,0,0,0,0.0,0,0,0,0
GWL_0422,28.42799,77.08551,Sector 57 Hong Kong Bazaar Stretch,Sector 57,Gurugram,2023-10-15,12:00,GMDA Open Data / IMD Weather Archive,official_gis,https://mausam.imd.gov.in/,high,0.0,0.0,0.0,0.0,0.0,DRY_20231015,221.0,1.58,6.12,1316.7,Sector 57 Branch Drain,222.1,Sector Road,0,11,0,0,0,0.0,0,0,0,0
GWL_0423,28.42672,77.08658,Sector 57 Hong Kong Bazaar Stretch,Sector 57,Gurugram,2019-07-15,14:15,GMDA Open Data / IMD Weather Archive,official_gis,https://mausam.imd.gov.in/,high,32.0,58.0,74.0,89.0,40.0,EVT_20190715,221.1,2.47,6.31,1293.9,Sector 57 Branch Drain,241.7,Sector Road,0,11,0,0,0,0.0,0,0,0,0
GWL_0424,28.42691,77.08741,Sector 57 Hong Kong Bazaar Stretch,Sector 57,Gurugram,2023-07-09,05:00,GMDA Open Data / IMD Weather Archive,official_gis,https://mausam.imd.gov.in/,high,75.0,135.0,180.0,240.0,90.0,EVT_20230709,221.3,2.98,6.47,1323.8,Sector 57 Branch Drain,243.7,Sector Road,0,11,0,0,0,0.0,0,0,0,0
GWL_0425,28.42665,77.08545,Sector 57 Hong Kong Bazaar Stretch,Sector 57,Gurugram,2024-05-20,15:00,GMDA Open Data / IMD Weather Archive,official_gis,https://mausam.imd.gov.in/,high,0.0,0.0,0.0,0.0,0.0,DRY_20240520,221.3,3.11,6.45,1313.5,Sector 57 Branch Drain,231.6,Sector Road,0,11,0,0,0,0.0,0,0,0,0
GWL_0426,28.42771,77.08761,Sector 57 Hong Kong Bazaar Stretch,Sector 57,Gurugram,2023-10-15,12:00,GMDA Open Data / IMD Weather Archive,official_gis,https://mausam.imd.gov.in/,high,0.0,0.0,0.0,0.0,0.0,DRY_20231015,220.8,0.42,7.06,1283.6,Sector 57 Branch Drain,236.3,Sector Road,0,11,0,0,0,0.0,0,0,0,0
GWL_0427,28.4282,77.0851,Sector 57 Hong Kong Bazaar Stretch,Sector 57,Gurugram,2023-10-15,12:00,GMDA Open Data / IMD Weather Archive,official_gis,https://mausam.imd.gov.in/,high,0.0,0.0,0.0,0.0,0.0,DRY_20231015,221.1,0.44,6.44,1325.7,Sector 57 Branch Drain,233.0,Sector Road,0,11,0,0,0,0.0,0,0,0,0
GWL_0428,28.42829,77.08658,Sector 57 Hong Kong Bazaar Stretch,Sector 57,Gurugram,2025-07-20,10:10,GMDA Open Data / IMD Weather Archive,official_gis,https://mausam.imd.gov.in/,high,40.0,72.0,98.0,115.0,48.0,EVT_20250720,220.9,0.93,6.49,1291.4,Sector 57 Branch Drain,222.1,Sector Road,0,11,0,0,0,0.0,0,0,0,0
GWL_0429,28.42641,77.08629,Sector 57 Hong Kong Bazaar Stretch,Sector 57,Gurugram,2022-09-22,11:00,GMDA Open Data / IMD Weather Archive,official_gis,https://mausam.imd.gov.in/,high,28.0,52.0,85.0,110.0,35.0,EVT_20220922,221.2,2.37,6.73,1302.3,Sector 57 Branch Drain,226.5,Sector Road,0,11,0,0,0,0.0,0,0,0,0
GWL_0430,28.42729,77.08635,Sector 57 Hong Kong Bazaar Stretch,Sector 57,Gurugram,2021-09-01,06:30,GMDA Open Data / IMD Weather Archive,official_gis,https://mausam.imd.gov.in/,high,70.0,125.0,160.0,218.0,85.0,EVT_20210901,220.6,2.85,7.03,1272.9,Sector 57 Branch Drain,222.0,Sector Road,0,11,0,0,0,0.0,0,0,0,0
GWL_0431,28.4276,77.08665,Sector 57 Hong Kong Bazaar Stretch,Sector 57,Gurugram,2021-07-19,07:45,GMDA Open Data / IMD Weather Archive,official_gis,https://mausam.imd.gov.in/,high,62.0,118.0,155.0,185.0,75.0,EVT_20210719,221.2,2.68,6.82,1322.7,Sector 57 Branch Drain,224.2,Sector Road,0,11,0,0,0,0.0,0,0,0,0
GWL_0432,28.42731,77.08676,Sector 57 Hong Kong Bazaar Stretch,Sector 57,Gurugram,2024-05-20,15:00,GMDA Open Data / IMD Weather Archive,official_gis,https://mausam.imd.gov.in/,high,0.0,0.0,0.0,0.0,0.0,DRY_20240520,221.2,0.76,6.21,1337.6,Sector 57 Branch Drain,242.5,Sector Road,0,11,0,0,0,0.0,0,0,0,0
GWL_0433,28.42802,77.08718,Sector 57 Hong Kong Bazaar Stretch,Sector 57,Gurugram,2024-11-05,11:00,GMDA Open Data / IMD Weather Archive,official_gis,https://mausam.imd.gov.in/,high,0.0,0.0,0.0,0.0,0.0,DRY_20241105,221.1,2.36,6.95,1316.7,Sector 57 Branch Drain,239.0,Sector Road,0,11,0,0,0,0.0,0,0,0,0
GWL_0434,28.42577,77.08632,Sector 57 Hong Kong Bazaar Stretch,Sector 57,Gurugram,2022-09-22,11:00,GMDA Open Data / IMD Weather Archive,official_gis,https://mausam.imd.gov.in/,high,28.0,52.0,85.0,110.0,35.0,EVT_20220922,221.2,1.09,6.22,1314.6,Sector 57 Branch Drain,227.2,Sector Road,0,11,0,0,0,0.0,0,0,0,0
GWL_0435,28.42594,77.08617,Sector 57 Hong Kong Bazaar Stretch,Sector 57,Gurugram,2021-07-19,07:45,GMDA Open Data / IMD Weather Archive,official_gis,https://mausam.imd.gov.in/,high,62.0,118.0,155.0,185.0,75.0,EVT_20210719,221.3,1.87,6.17,1313.6,Sector 57 Branch Drain,240.9,Sector Road,0,11,0,0,0,0.0,0,0,0,0
GWL_0436,28.42645,77.08737,Sector 57 Hong Kong Bazaar Stretch,Sector 57,Gurugram,2021-09-01,06:30,GMDA Open Data / IMD Weather Archive,official_gis,https://mausam.imd.gov.in/,high,70.0,125.0,160.0,218.0,85.0,EVT_20210901,221.1,2.83,6.33,1321.2,Sector 57 Branch Drain,227.9,Sector Road,0,11,0,0,0,0.0,0,0,0,0
GWL_0437,28.42812,77.08681,Sector 57 Hong Kong Bazaar Stretch,Sector 57,Gurugram,2023-07-09,05:00,GMDA Open Data / IMD Weather Archive,official_gis,https://mausam.imd.gov.in/,high,75.0,135.0,180.0,240.0,90.0,EVT_20230709,220.9,1.09,6.33,1304.3,Sector 57 Branch Drain,226.6,Sector Road,0,11,0,0,0,0.0,0,0,0,0
GWL_0438,28.42709,77.08569,Sector 57 Hong Kong Bazaar Stretch,Sector 57,Gurugram,2020-08-19,09:00,GMDA Open Data / IMD Weather Archive,official_gis,https://mausam.imd.gov.in/,high,58.0,105.0,142.0,168.0,70.0,EVT_20200819,221.1,2.89,6.84,1323.9,Sector 57 Branch Drain,225.6,Sector Road,0,11,0,0,0,0.0,0,0,0,0
GWL_0439,28.42557,77.087,Sector 57 Hong Kong Bazaar Stretch,Sector 57,Gurugram,2024-05-20,15:00,GMDA Open Data / IMD Weather Archive,official_gis,https://mausam.imd.gov.in/,high,0.0,0.0,0.0,0.0,0.0,DRY_20240520,220.9,1.63,6.17,1286.9,Sector 57 Branch Drain,221.0,Sector Road,0,11,0,0,0,0.0,0,0,0,0
GWL_0440,28.42794,77.08563,Sector 57 Hong Kong Bazaar Stretch,Sector 57,Gurugram,2024-05-20,15:00,GMDA Open Data / IMD Weather Archive,official_gis,https://mausam.imd.gov.in/,high,0.0,0.0,0.0,0.0,0.0,DRY_20240520,221.0,0.33,6.77,1297.9,Sector 57 Branch Drain,246.9,Sector Road,0,11,0,0,0,0.0,0,0,0,0
GWL_0441,28.36966,77.05068,Badshahpur Village Main Chowk,Sector 68,Gurugram,2021-09-01,06:30,MCG Flood Control Room & GMDA OneMap,official_govt,https://onemapgurugram.gmda.gov.in/,high,70.0,125.0,160.0,218.0,85.0,EVT_20210901,208.4,3.49,11.97,247.8,Badshahpur Drain,22.5,Master Arterial,0,24,1,1,2,31.5,66,0,2,0
GWL_0442,28.36728,77.0527,Badshahpur Village Main Chowk,Sector 68,Gurugram,2024-08-11,16:20,MCG Flood Control Room & GMDA OneMap,official_govt,https://onemapgurugram.gmda.gov.in/,high,50.0,92.0,120.0,145.0,60.0,EVT_20240811,208.0,2.67,12.11,214.3,Badshahpur Drain,44.9,Master Arterial,0,24,1,1,1,8.6,32,0,1,0
GWL_0443,28.36823,77.05009,Badshahpur Village Main Chowk,Sector 68,Gurugram,2022-09-22,11:00,MCG Flood Control Room & GMDA OneMap,official_govt,https://onemapgurugram.gmda.gov.in/,high,28.0,52.0,85.0,110.0,35.0,EVT_20220922,207.7,1.39,12.2,177.1,Badshahpur Drain,24.4,Master Arterial,0,24,1,0,0,0.0,0,0,0,0
GWL_0444,28.36896,77.0504,Badshahpur Village Main Chowk,Sector 68,Gurugram,2024-08-02,18:00,MCG Flood Control Room & GMDA OneMap,official_govt,https://onemapgurugram.gmda.gov.in/,high,4.0,8.0,12.0,15.0,5.0,LIGHT_20240802,207.7,2.72,12.04,185.0,Badshahpur Drain,16.2,Master Arterial,0,24,1,0,0,0.0,0,0,0,0
GWL_0445,28.36951,77.05156,Badshahpur Village Main Chowk,Sector 68,Gurugram,2019-07-15,14:15,MCG Flood Control Room & GMDA OneMap,official_govt,https://onemapgurugram.gmda.gov.in/,high,32.0,58.0,74.0,89.0,40.0,EVT_20190715,208.2,2.26,12.08,220.5,Badshahpur Drain,32.4,Master Arterial,0,24,1,0,0,0.0,0,0,0,0
GWL_0446,28.36997,77.05197,Badshahpur Village Main Chowk,Sector 68,Gurugram,2018-08-28,08:30,MCG Flood Control Room & GMDA OneMap,official_govt,https://onemapgurugram.gmda.gov.in/,high,45.0,82.0,115.0,132.0,55.0,EVT_20180828,208.1,2.53,11.65,197.7,Badshahpur Drain,32.9,Master Arterial,0,24,1,1,1,18.9,85,0,1,0
GWL_0447,28.36803,77.05128,Badshahpur Village Main Chowk,Sector 68,Gurugram,2024-08-11,16:20,MCG Flood Control Room & GMDA OneMap,official_govt,https://onemapgurugram.gmda.gov.in/,high,50.0,92.0,120.0,145.0,60.0,EVT_20240811,207.9,3.49,12.32,197.5,Badshahpur Drain,39.1,Master Arterial,0,24,1,1,1,15.7,65,0,1,0
GWL_0448,28.36716,77.05106,Badshahpur Village Main Chowk,Sector 68,Gurugram,2023-10-15,12:00,MCG Flood Control Room & GMDA OneMap,official_govt,https://onemapgurugram.gmda.gov.in/,high,0.0,0.0,0.0,0.0,0.0,DRY_20231015,208.2,2.44,11.59,234.7,Badshahpur Drain,20.0,Master Arterial,0,24,1,0,0,0.0,0,0,0,0
GWL_0449,28.3685,77.05177,Badshahpur Village Main Chowk,Sector 68,Gurugram,2023-10-15,12:00,MCG Flood Control Room & GMDA OneMap,official_govt,https://onemapgurugram.gmda.gov.in/,high,0.0,0.0,0.0,0.0,0.0,DRY_20231015,208.3,2.34,11.46,211.7,Badshahpur Drain,34.1,Master Arterial,0,24,1,0,0,0.0,0,0,0,0
GWL_0450,28.3688,77.05024,Badshahpur Village Main Chowk,Sector 68,Gurugram,2019-07-15,14:15,MCG Flood Control Room & GMDA OneMap,official_govt,https://onemapgurugram.gmda.gov.in/,high,32.0,58.0,74.0,89.0,40.0,EVT_20190715,208.3,1.7,11.85,239.0,Badshahpur Drain,20.1,Master Arterial,0,24,1,0,0,0.0,0,0,0,0
GWL_0451,28.36706,77.05204,Badshahpur Village Main Chowk,Sector 68,Gurugram,2019-07-15,14:15,MCG Flood Control Room & GMDA OneMap,official_govt,https://onemapgurugram.gmda.gov.in/,high,32.0,58.0,74.0,89.0,40.0,EVT_20190715,208.2,2.51,12.06,229.1,Badshahpur Drain,43.8,Master Arterial,0,24,1,0,0,0.0,0,0,0,0
GWL_0452,28.36861,77.05117,Badshahpur Village Main Chowk,Sector 68,Gurugram,2025-07-20,10:10,MCG Flood Control Room & GMDA OneMap,official_govt,https://onemapgurugram.gmda.gov.in/,high,40.0,72.0,98.0,115.0,48.0,EVT_20250720,208.0,0.71,11.87,191.1,Badshahpur Drain,42.6,Master Arterial,0,24,1,0,0,0.0,0,0,0,0
GWL_0453,28.36875,77.05148,Badshahpur Village Main Chowk,Sector 68,Gurugram,2021-07-19,07:45,MCG Flood Control Room & GMDA OneMap,official_govt,https://onemapgurugram.gmda.gov.in/,high,62.0,118.0,155.0,185.0,75.0,EVT_20210719,208.0,0.37,11.33,196.9,Badshahpur Drain,17.5,Master Arterial,0,24,1,1,2,32.1,139,0,2,0
GWL_0454,28.36965,77.05168,Badshahpur Village Main Chowk,Sector 68,Gurugram,2025-07-20,10:10,MCG Flood Control Room & GMDA OneMap,official_govt,https://onemapgurugram.gmda.gov.in/,high,40.0,72.0,98.0,115.0,48.0,EVT_20250720,207.9,3.05,12.23,179.4,Badshahpur Drain,37.1,Master Arterial,0,24,1,1,1,9.3,78,0,1,0
GWL_0455,28.36999,77.04979,Badshahpur Village Main Chowk,Sector 68,Gurugram,2021-09-01,06:30,MCG Flood Control Room & GMDA OneMap,official_govt,https://onemapgurugram.gmda.gov.in/,high,70.0,125.0,160.0,218.0,85.0,EVT_20210901,208.4,2.25,12.11,232.6,Badshahpur Drain,40.4,Master Arterial,0,24,1,1,2,21.2,90,0,2,0
GWL_0456,28.3672,77.05263,Badshahpur Village Main Chowk,Sector 68,Gurugram,2020-08-19,09:00,MCG Flood Control Room & GMDA OneMap,official_govt,https://onemapgurugram.gmda.gov.in/,high,58.0,105.0,142.0,168.0,70.0,EVT_20200819,208.4,3.01,12.08,217.4,Badshahpur Drain,26.6,Master Arterial,0,24,1,1,1,6.1,42,0,1,0
GWL_0457,28.36769,77.05111,Badshahpur Village Main Chowk,Sector 68,Gurugram,2022-09-22,11:00,MCG Flood Control Room & GMDA OneMap,official_govt,https://onemapgurugram.gmda.gov.in/,high,28.0,52.0,85.0,110.0,35.0,EVT_20220922,207.9,0.53,11.51,177.4,Badshahpur Drain,44.2,Master Arterial,0,24,1,0,0,0.0,0,0,0,0
GWL_0458,28.36928,77.0526,Badshahpur Village Main Chowk,Sector 68,Gurugram,2019-07-15,14:15,MCG Flood Control Room & GMDA OneMap,official_govt,https://onemapgurugram.gmda.gov.in/,high,32.0,58.0,74.0,89.0,40.0,EVT_20190715,208.1,1.12,12.06,201.6,Badshahpur Drain,24.0,Master Arterial,0,24,1,0,0,0.0,0,0,0,0
GWL_0459,28.3677,77.05009,Badshahpur Village Main Chowk,Sector 68,Gurugram,2021-07-19,07:45,MCG Flood Control Room & GMDA OneMap,official_govt,https://onemapgurugram.gmda.gov.in/,high,62.0,118.0,155.0,185.0,75.0,EVT_20210719,207.9,1.37,12.01,174.0,Badshahpur Drain,21.3,Master Arterial,0,24,1,1,2,36.2,73,0,2,0
GWL_0460,28.36803,77.05229,Badshahpur Village Main Chowk,Sector 68,Gurugram,2022-09-22,11:00,MCG Flood Control Room & GMDA OneMap,official_govt,https://onemapgurugram.gmda.gov.in/,high,28.0,52.0,85.0,110.0,35.0,EVT_20220922,207.8,0.47,11.86,175.1,Badshahpur Drain,31.9,Master Arterial,0,24,1,0,0,0.0,0,0,0,0
GWL_0461,28.48941,76.97301,Dwarka Expressway Sector 102 Crossing,Sector 102,Gurugram,2021-09-01,06:30,MCG Flood Control Room & GMDA OneMap,official_govt,https://onemapgurugram.gmda.gov.in/,high,70.0,125.0,160.0,218.0,85.0,EVT_20210901,207.3,1.87,11.72,145.5,Najafgarh Link Drain,158.2,National Highway,0,12,1,1,2,29.8,67,0,2,0
GWL_0462,28.48838,76.97352,Dwarka Expressway Sector 102 Crossing,Sector 102,Gurugram,2020-08-19,09:00,MCG Flood Control Room & GMDA OneMap,official_govt,https://onemapgurugram.gmda.gov.in/,high,58.0,105.0,142.0,168.0,70.0,EVT_20200819,207.5,0.39,11.92,155.8,Najafgarh Link Drain,171.8,National Highway,0,12,1,1,1,13.6,70,0,1,0
GWL_0463,28.48933,76.97519,Dwarka Expressway Sector 102 Crossing,Sector 102,Gurugram,2024-08-11,16:20,MCG Flood Control Room & GMDA OneMap,official_govt,https://onemapgurugram.gmda.gov.in/,high,50.0,92.0,120.0,145.0,60.0,EVT_20240811,207.1,1.98,12.5,143.1,Najafgarh Link Drain,176.7,National Highway,0,12,1,1,1,10.6,41,0,1,0
GWL_0464,28.48847,76.97482,Dwarka Expressway Sector 102 Crossing,Sector 102,Gurugram,2025-08-15,14:00,MCG Flood Control Room & GMDA OneMap,official_govt,https://onemapgurugram.gmda.gov.in/,high,6.0,11.0,14.0,18.0,7.0,LIGHT_20250815,207.2,1.79,12.46,126.5,Najafgarh Link Drain,175.8,National Highway,0,12,1,0,0,0.0,0,0,0,0
GWL_0465,28.48822,76.97358,Dwarka Expressway Sector 102 Crossing,Sector 102,Gurugram,2025-07-20,10:10,MCG Flood Control Room & GMDA OneMap,official_govt,https://onemapgurugram.gmda.gov.in/,high,40.0,72.0,98.0,115.0,48.0,EVT_20250720,207.2,2.72,11.75,119.9,Najafgarh Link Drain,178.5,National Highway,0,12,1,0,0,0.0,0,0,0,0
GWL_0466,28.48753,76.9743,Dwarka Expressway Sector 102 Crossing,Sector 102,Gurugram,2024-11-05,11:00,MCG Flood Control Room & GMDA OneMap,official_govt,https://onemapgurugram.gmda.gov.in/,high,0.0,0.0,0.0,0.0,0.0,DRY_20241105,207.3,1.82,12.22,129.7,Najafgarh Link Drain,166.6,National Highway,0,12,1,0,0,0.0,0,0,0,0
GWL_0467,28.48812,76.97459,Dwarka Expressway Sector 102 Crossing,Sector 102,Gurugram,2021-09-01,06:30,MCG Flood Control Room & GMDA OneMap,official_govt,https://onemapgurugram.gmda.gov.in/,high,70.0,125.0,160.0,218.0,85.0,EVT_20210901,206.9,2.08,11.93,97.6,Najafgarh Link Drain,156.6,National Highway,0,12,1,1,2,23.7,134,0,2,0
GWL_0468,28.48786,76.97538,Dwarka Expressway Sector 102 Crossing,Sector 102,Gurugram,2023-10-15,12:00,MCG Flood Control Room & GMDA OneMap,official_govt,https://onemapgurugram.gmda.gov.in/,high,0.0,0.0,0.0,0.0,0.0,DRY_20231015,207.6,2.09,11.6,161.0,Najafgarh Link Drain,173.9,National Highway,0,12,1,0,0,0.0,0,0,0,0
GWL_0469,28.4881,76.97286,Dwarka Expressway Sector 102 Crossing,Sector 102,Gurugram,2024-08-02,18:00,MCG Flood Control Room & GMDA OneMap,official_govt,https://onemapgurugram.gmda.gov.in/,high,4.0,8.0,12.0,15.0,5.0,LIGHT_20240802,207.2,2.99,12.42,119.0,Najafgarh Link Drain,170.2,National Highway,0,12,1,0,0,0.0,0,0,0,0
GWL_0470,28.48766,76.97325,Dwarka Expressway Sector 102 Crossing,Sector 102,Gurugram,2024-05-20,15:00,MCG Flood Control Room & GMDA OneMap,official_govt,https://onemapgurugram.gmda.gov.in/,high,0.0,0.0,0.0,0.0,0.0,DRY_20240520,207.5,1.02,11.76,137.5,Najafgarh Link Drain,176.1,National Highway,0,12,1,0,0,0.0,0,0,0,0
GWL_0471,28.48938,76.97448,Dwarka Expressway Sector 102 Crossing,Sector 102,Gurugram,2025-07-20,10:10,MCG Flood Control Room & GMDA OneMap,official_govt,https://onemapgurugram.gmda.gov.in/,high,40.0,72.0,98.0,115.0,48.0,EVT_20250720,207.4,0.7,12.0,143.0,Najafgarh Link Drain,152.8,National Highway,0,12,1,0,0,0.0,0,0,0,0
GWL_0472,28.48846,76.97536,Dwarka Expressway Sector 102 Crossing,Sector 102,Gurugram,2018-08-28,08:30,MCG Flood Control Room & GMDA OneMap,official_govt,https://onemapgurugram.gmda.gov.in/,high,45.0,82.0,115.0,132.0,55.0,EVT_20180828,206.8,1.16,11.99,87.5,Najafgarh Link Drain,177.3,National Highway,0,12,1,1,1,12.0,57,0,1,0
GWL_0473,28.48928,76.97306,Dwarka Expressway Sector 102 Crossing,Sector 102,Gurugram,2024-05-20,15:00,MCG Flood Control Room & GMDA OneMap,official_govt,https://onemapgurugram.gmda.gov.in/,high,0.0,0.0,0.0,0.0,0.0,DRY_20240520,207.2,1.62,12.22,152.0,Najafgarh Link Drain,173.1,National Highway,0,12,1,0,0,0.0,0,0,0,0
GWL_0474,28.48819,76.97508,Dwarka Expressway Sector 102 Crossing,Sector 102,Gurugram,2025-08-15,14:00,MCG Flood Control Room & GMDA OneMap,official_govt,https://onemapgurugram.gmda.gov.in/,high,6.0,11.0,14.0,18.0,7.0,LIGHT_20250815,206.9,0.3,11.94,100.1,Najafgarh Link Drain,165.3,National Highway,0,12,1,0,0,0.0,0,0,0,0
GWL_0475,28.48885,76.97533,Dwarka Expressway Sector 102 Crossing,Sector 102,Gurugram,2025-07-20,10:10,MCG Flood Control Room & GMDA OneMap,official_govt,https://onemapgurugram.gmda.gov.in/,high,40.0,72.0,98.0,115.0,48.0,EVT_20250720,207.2,1.85,11.67,113.4,Najafgarh Link Drain,166.5,National Highway,0,12,1,0,0,0.0,0,0,0,0
GWL_0476,28.48831,76.97512,Dwarka Expressway Sector 102 Crossing,Sector 102,Gurugram,2021-09-01,06:30,MCG Flood Control Room & GMDA OneMap,official_govt,https://onemapgurugram.gmda.gov.in/,high,70.0,125.0,160.0,218.0,85.0,EVT_20210901,206.9,0.28,12.19,96.0,Najafgarh Link Drain,151.5,National Highway,0,12,1,1,2,34.5,70,0,2,0
GWL_0477,28.48882,76.97344,Dwarka Expressway Sector 102 Crossing,Sector 102,Gurugram,2024-05-20,15:00,MCG Flood Control Room & GMDA OneMap,official_govt,https://onemapgurugram.gmda.gov.in/,high,0.0,0.0,0.0,0.0,0.0,DRY_20240520,206.9,1.45,12.54,102.2,Najafgarh Link Drain,172.5,National Highway,0,12,1,0,0,0.0,0,0,0,0
GWL_0478,28.48738,76.97492,Dwarka Expressway Sector 102 Crossing,Sector 102,Gurugram,2019-07-15,14:15,MCG Flood Control Room & GMDA OneMap,official_govt,https://onemapgurugram.gmda.gov.in/,high,32.0,58.0,74.0,89.0,40.0,EVT_20190715,207.0,2.44,12.27,132.2,Najafgarh Link Drain,161.6,National Highway,0,12,1,0,0,0.0,0,0,0,0
GWL_0479,28.4872,76.97266,Dwarka Expressway Sector 102 Crossing,Sector 102,Gurugram,2020-08-19,09:00,MCG Flood Control Room & GMDA OneMap,official_govt,https://onemapgurugram.gmda.gov.in/,high,58.0,105.0,142.0,168.0,70.0,EVT_20200819,207.5,1.93,12.28,146.9,Najafgarh Link Drain,160.4,National Highway,0,12,1,1,1,5.5,87,0,1,0
GWL_0480,28.489,76.9754,Dwarka Expressway Sector 102 Crossing,Sector 102,Gurugram,2021-09-01,06:30,MCG Flood Control Room & GMDA OneMap,official_govt,https://onemapgurugram.gmda.gov.in/,high,70.0,125.0,160.0,218.0,85.0,EVT_20210901,207.0,2.22,12.38,107.7,Najafgarh Link Drain,175.4,National Highway,0,12,1,1,2,38.9,139,0,2,0
GWL_0481,28.49892,76.98493,Dwarka Expressway Sector 104,Sector 104,Gurugram,2019-07-15,14:15,MCG Flood Control Room & GMDA OneMap,official_govt,https://onemapgurugram.gmda.gov.in/,high,32.0,58.0,74.0,89.0,40.0,EVT_20190715,206.6,3.38,11.87,89.6,Najafgarh Link Drain,101.2,National Highway,0,14,1,0,0,0.0,0,0,0,0
GWL_0482,28.49857,76.98707,Dwarka Expressway Sector 104,Sector 104,Gurugram,2019-07-15,14:15,MCG Flood Control Room & GMDA OneMap,official_govt,https://onemapgurugram.gmda.gov.in/,high,32.0,58.0,74.0,89.0,40.0,EVT_20190715,206.6,1.32,11.94,78.7,Najafgarh Link Drain,87.8,National Highway,0,14,1,0,0,0.0,0,0,0,0
GWL_0483,28.49773,76.9866,Dwarka Expressway Sector 104,Sector 104,Gurugram,2024-11-05,11:00,MCG Flood Control Room & GMDA OneMap,official_govt,https://onemapgurugram.gmda.gov.in/,high,0.0,0.0,0.0,0.0,0.0,DRY_20241105,207.1,0.81,12.03,140.6,Najafgarh Link Drain,81.9,National Highway,0,14,1,0,0,0.0,0,0,0,0
GWL_0484,28.49698,76.98459,Dwarka Expressway Sector 104,Sector 104,Gurugram,2025-07-20,10:10,MCG Flood Control Room & GMDA OneMap,official_govt,https://onemapgurugram.gmda.gov.in/,high,40.0,72.0,98.0,115.0,48.0,EVT_20250720,206.9,0.7,12.71,104.4,Najafgarh Link Drain,95.0,National Highway,0,14,1,1,1,8.7,58,0,1,0
GWL_0485,28.49869,76.98635,Dwarka Expressway Sector 104,Sector 104,Gurugram,2020-08-19,09:00,MCG Flood Control Room & GMDA OneMap,official_govt,https://onemapgurugram.gmda.gov.in/,high,58.0,105.0,142.0,168.0,70.0,EVT_20200819,207.0,2.11,12.6,127.7,Najafgarh Link Drain,102.7,National Highway,0,14,1,1,1,5.8,30,0,1,0
GWL_0486,28.49734,76.98609,Dwarka Expressway Sector 104,Sector 104,Gurugram,2021-09-01,06:30,MCG Flood Control Room & GMDA OneMap,official_govt,https://onemapgurugram.gmda.gov.in/,high,70.0,125.0,160.0,218.0,85.0,EVT_20210901,206.7,1.53,12.7,105.3,Najafgarh Link Drain,107.3,National Highway,0,14,1,1,2,26.3,122,0,2,0
GWL_0487,28.49751,76.98467,Dwarka Expressway Sector 104,Sector 104,Gurugram,2021-09-01,06:30,MCG Flood Control Room & GMDA OneMap,official_govt,https://onemapgurugram.gmda.gov.in/,high,70.0,125.0,160.0,218.0,85.0,EVT_20210901,206.5,1.33,12.33,85.7,Najafgarh Link Drain,83.6,National Highway,0,14,1,1,2,34.7,107,0,2,0
GWL_0488,28.49756,76.98558,Dwarka Expressway Sector 104,Sector 104,Gurugram,2023-10-15,12:00,MCG Flood Control Room & GMDA OneMap,official_govt,https://onemapgurugram.gmda.gov.in/,high,0.0,0.0,0.0,0.0,0.0,DRY_20231015,206.6,2.17,12.29,67.6,Najafgarh Link Drain,83.5,National Highway,0,14,1,0,0,0.0,0,0,0,0
GWL_0489,28.49834,76.98681,Dwarka Expressway Sector 104,Sector 104,Gurugram,2021-07-19,07:45,MCG Flood Control Room & GMDA OneMap,official_govt,https://onemapgurugram.gmda.gov.in/,high,62.0,118.0,155.0,185.0,75.0,EVT_20210719,206.7,2.62,12.48,106.8,Najafgarh Link Drain,104.6,National Highway,0,14,1,1,2,31.3,119,0,2,0
GWL_0490,28.4994,76.9853,Dwarka Expressway Sector 104,Sector 104,Gurugram,2024-11-05,11:00,MCG Flood Control Room & GMDA OneMap,official_govt,https://onemapgurugram.gmda.gov.in/,high,0.0,0.0,0.0,0.0,0.0,DRY_20241105,206.7,0.24,12.65,101.5,Najafgarh Link Drain,83.1,National Highway,0,14,1,0,0,0.0,0,0,0,0
GWL_0491,28.49843,76.98549,Dwarka Expressway Sector 104,Sector 104,Gurugram,2022-09-22,11:00,MCG Flood Control Room & GMDA OneMap,official_govt,https://onemapgurugram.gmda.gov.in/,high,28.0,52.0,85.0,110.0,35.0,EVT_20220922,206.5,3.44,12.11,55.2,Najafgarh Link Drain,97.8,National Highway,0,14,1,0,0,0.0,0,0,0,0
GWL_0492,28.49892,76.9842,Dwarka Expressway Sector 104,Sector 104,Gurugram,2021-07-19,07:45,MCG Flood Control Room & GMDA OneMap,official_govt,https://onemapgurugram.gmda.gov.in/,high,62.0,118.0,155.0,185.0,75.0,EVT_20210719,206.9,1.96,11.84,93.4,Najafgarh Link Drain,97.0,National Highway,0,14,1,1,2,25.9,144,0,2,0
GWL_0493,28.49916,76.98705,Dwarka Expressway Sector 104,Sector 104,Gurugram,2024-05-20,15:00,MCG Flood Control Room & GMDA OneMap,official_govt,https://onemapgurugram.gmda.gov.in/,high,0.0,0.0,0.0,0.0,0.0,DRY_20240520,206.6,3.4,12.29,74.9,Najafgarh Link Drain,81.5,National Highway,0,14,1,0,0,0.0,0,0,0,0
GWL_0494,28.49686,76.98618,Dwarka Expressway Sector 104,Sector 104,Gurugram,2024-05-20,15:00,MCG Flood Control Room & GMDA OneMap,official_govt,https://onemapgurugram.gmda.gov.in/,high,0.0,0.0,0.0,0.0,0.0,DRY_20240520,206.8,0.95,12.39,88.1,Najafgarh Link Drain,97.3,National Highway,0,14,1,0,0,0.0,0,0,0,0
GWL_0495,28.49778,76.98657,Dwarka Expressway Sector 104,Sector 104,Gurugram,2025-08-15,14:00,MCG Flood Control Room & GMDA OneMap,official_govt,https://onemapgurugram.gmda.gov.in/,high,6.0,11.0,14.0,18.0,7.0,LIGHT_20250815,207.1,1.78,12.01,118.0,Najafgarh Link Drain,104.2,National Highway,0,14,1,0,0,0.0,0,0,0,0
GWL_0496,28.49768,76.98473,Dwarka Expressway Sector 104,Sector 104,Gurugram,2021-09-01,06:30,MCG Flood Control Room & GMDA OneMap,official_govt,https://onemapgurugram.gmda.gov.in/,high,70.0,125.0,160.0,218.0,85.0,EVT_20210901,206.5,1.74,12.38,86.1,Najafgarh Link Drain,86.6,National Highway,0,14,1,1,2,27.6,132,0,2,0
GWL_0497,28.49917,76.98525,Dwarka Expressway Sector 104,Sector 104,Gurugram,2025-07-20,10:10,MCG Flood Control Room & GMDA OneMap,official_govt,https://onemapgurugram.gmda.gov.in/,high,40.0,72.0,98.0,115.0,48.0,EVT_20250720,206.8,1.2,12.71,82.7,Najafgarh Link Drain,108.0,National Highway,0,14,1,1,1,15.3,61,0,1,0
GWL_0498,28.4968,76.98553,Dwarka Expressway Sector 104,Sector 104,Gurugram,2024-08-11,16:20,MCG Flood Control Room & GMDA OneMap,official_govt,https://onemapgurugram.gmda.gov.in/,high,50.0,92.0,120.0,145.0,60.0,EVT_20240811,206.7,0.73,12.48,108.3,Najafgarh Link Drain,96.9,National Highway,0,14,1,1,1,15.7,34,0,1,0
GWL_0499,28.49795,76.98445,Dwarka Expressway Sector 104,Sector 104,Gurugram,2021-09-01,06:30,MCG Flood Control Room & GMDA OneMap,official_govt,https://onemapgurugram.gmda.gov.in/,high,70.0,125.0,160.0,218.0,85.0,EVT_20210901,206.9,3.3,12.4,89.6,Najafgarh Link Drain,90.6,National Highway,0,14,1,1,2,31.0,96,0,2,0
GWL_0500,28.4992,76.98654,Dwarka Expressway Sector 104,Sector 104,Gurugram,2025-08-15,14:00,MCG Flood Control Room & GMDA OneMap,official_govt,https://onemapgurugram.gmda.gov.in/,high,6.0,11.0,14.0,18.0,7.0,LIGHT_20250815,206.9,1.43,12.0,90.7,Najafgarh Link Drain,90.6,National Highway,0,14,1,0,0,0.0,0,0,0,0
GWL_0501,28.52124,77.01173,Dwarka Expressway Sector 110,Sector 110,Gurugram,2018-08-28,08:30,MCG Flood Control Room & GMDA OneMap,official_govt,https://onemapgurugram.gmda.gov.in/,high,45.0,82.0,115.0,132.0,55.0,EVT_20180828,206.2,0.43,12.42,34.3,Leg 3 Extension Drain,99.7,National Highway,0,16,1,1,1,17.4,32,0,1,0
GWL_0502,28.52126,77.0102,Dwarka Expressway Sector 110,Sector 110,Gurugram,2019-07-15,14:15,MCG Flood Control Room & GMDA OneMap,official_govt,https://onemapgurugram.gmda.gov.in/,high,32.0,58.0,74.0,89.0,40.0,EVT_20190715,206.4,2.04,12.17,64.1,Leg 3 Extension Drain,116.9,National Highway,0,16,1,0,0,0.0,0,0,0,0
GWL_0503,28.52287,77.01036,Dwarka Expressway Sector 110,Sector 110,Gurugram,2024-05-20,15:00,MCG Flood Control Room & GMDA OneMap,official_govt,https://onemapgurugram.gmda.gov.in/,high,0.0,0.0,0.0,0.0,0.0,DRY_20240520,206.4,3.28,12.86,69.4,Leg 3 Extension Drain,113.9,National Highway,0,16,1,0,0,0.0,0,0,0,0
GWL_0504,28.52121,77.01196,Dwarka Expressway Sector 110,Sector 110,Gurugram,2023-07-09,05:00,MCG Flood Control Room & GMDA OneMap,official_govt,https://onemapgurugram.gmda.gov.in/,high,75.0,135.0,180.0,240.0,90.0,EVT_20230709,206.1,2.44,12.49,47.8,Leg 3 Extension Drain,119.7,National Highway,0,16,1,1,2,22.9,134,0,2,0
GWL_0505,28.52162,77.01223,Dwarka Expressway Sector 110,Sector 110,Gurugram,2025-08-15,14:00,MCG Flood Control Room & GMDA OneMap,official_govt,https://onemapgurugram.gmda.gov.in/,high,6.0,11.0,14.0,18.0,7.0,LIGHT_20250815,206.0,1.45,13.02,20.0,Leg 3 Extension Drain,120.3,National Highway,0,16,1,0,0,0.0,0,0,0,0
GWL_0506,28.52145,77.01124,Dwarka Expressway Sector 110,Sector 110,Gurugram,2021-09-01,06:30,MCG Flood Control Room & GMDA OneMap,official_govt,https://onemapgurugram.gmda.gov.in/,high,70.0,125.0,160.0,218.0,85.0,EVT_20210901,205.9,2.09,12.47,20.1,Leg 3 Extension Drain,103.2,National Highway,0,16,1,1,2,20.1,148,0,2,0
GWL_0507,28.5229,77.01089,Dwarka Expressway Sector 110,Sector 110,Gurugram,2018-08-28,08:30,MCG Flood Control Room & GMDA OneMap,official_govt,https://onemapgurugram.gmda.gov.in/,high,45.0,82.0,115.0,132.0,55.0,EVT_20180828,206.3,1.34,12.65,67.7,Leg 3 Extension Drain,123.4,National Highway,0,16,1,1,1,11.0,76,0,1,0
GWL_0508,28.5208,77.01267,Dwarka Expressway Sector 110,Sector 110,Gurugram,2018-08-28,08:30,MCG Flood Control Room & GMDA OneMap,official_govt,https://onemapgurugram.gmda.gov.in/,high,45.0,82.0,115.0,132.0,55.0,EVT_20180828,205.7,2.19,12.88,63.0,Leg 3 Extension Drain,98.6,National Highway,0,16,1,1,1,19.1,40,0,1,0
GWL_0509,28.52187,77.01037,Dwarka Expressway Sector 110,Sector 110,Gurugram,2022-09-22,11:00,MCG Flood Control Room & GMDA OneMap,official_govt,https://onemapgurugram.gmda.gov.in/,high,28.0,52.0,85.0,110.0,35.0,EVT_20220922,205.9,2.0,12.56,24.9,Leg 3 Extension Drain,100.1,National Highway,0,16,1,0,0,0.0,0,0,0,0
GWL_0510,28.52125,77.01197,Dwarka Expressway Sector 110,Sector 110,Gurugram,2024-08-02,18:00,MCG Flood Control Room & GMDA OneMap,official_govt,https://onemapgurugram.gmda.gov.in/,high,4.0,8.0,12.0,15.0,5.0,LIGHT_20240802,206.4,0.48,12.33,48.0,Leg 3 Extension Drain,95.5,National Highway,0,16,1,0,0,0.0,0,0,0,0
GWL_0511,28.52199,77.01151,Dwarka Expressway Sector 110,Sector 110,Gurugram,2020-08-19,09:00,MCG Flood Control Room & GMDA OneMap,official_govt,https://onemapgurugram.gmda.gov.in/,high,58.0,105.0,142.0,168.0,70.0,EVT_20200819,205.8,0.97,12.2,60.4,Leg 3 Extension Drain,124.2,National Highway,0,16,1,1,1,7.0,43,0,1,0
GWL_0512,28.52261,77.01248,Dwarka Expressway Sector 110,Sector 110,Gurugram,2024-05-20,15:00,MCG Flood Control Room & GMDA OneMap,official_govt,https://onemapgurugram.gmda.gov.in/,high,0.0,0.0,0.0,0.0,0.0,DRY_20240520,206.0,0.37,12.14,33.0,Leg 3 Extension Drain,106.8,National Highway,0,16,1,0,0,0.0,0,0,0,0
GWL_0513,28.52009,77.01145,Dwarka Expressway Sector 110,Sector 110,Gurugram,2021-09-01,06:30,MCG Flood Control Room & GMDA OneMap,official_govt,https://onemapgurugram.gmda.gov.in/,high,70.0,125.0,160.0,218.0,85.0,EVT_20210901,205.7,2.8,12.53,37.1,Leg 3 Extension Drain,112.7,National Highway,0,16,1,1,2,28.0,147,0,2,0
GWL_0514,28.52163,77.01053,Dwarka Expressway Sector 110,Sector 110,Gurugram,2020-08-19,09:00,MCG Flood Control Room & GMDA OneMap,official_govt,https://onemapgurugram.gmda.gov.in/,high,58.0,105.0,142.0,168.0,70.0,EVT_20200819,206.3,1.1,12.88,50.5,Leg 3 Extension Drain,111.5,National Highway,0,16,1,1,1,5.8,55,0,1,0
GWL_0515,28.5225,77.01212,Dwarka Expressway Sector 110,Sector 110,Gurugram,2024-11-05,11:00,MCG Flood Control Room & GMDA OneMap,official_govt,https://onemapgurugram.gmda.gov.in/,high,0.0,0.0,0.0,0.0,0.0,DRY_20241105,205.9,0.95,12.96,55.7,Leg 3 Extension Drain,97.9,National Highway,0,16,1,0,0,0.0,0,0,0,0
GWL_0516,28.52135,77.01071,Dwarka Expressway Sector 110,Sector 110,Gurugram,2024-08-11,16:20,MCG Flood Control Room & GMDA OneMap,official_govt,https://onemapgurugram.gmda.gov.in/,high,50.0,92.0,120.0,145.0,60.0,EVT_20240811,206.4,0.48,12.15,74.1,Leg 3 Extension Drain,96.5,National Highway,0,16,1,1,1,12.4,56,0,1,0
GWL_0517,28.521,77.01088,Dwarka Expressway Sector 110,Sector 110,Gurugram,2025-07-20,10:10,MCG Flood Control Room & GMDA OneMap,official_govt,https://onemapgurugram.gmda.gov.in/,high,40.0,72.0,98.0,115.0,48.0,EVT_20250720,206.1,0.73,12.63,50.7,Leg 3 Extension Drain,117.8,National Highway,0,16,1,1,1,7.3,38,0,1,0
GWL_0518,28.5208,77.01078,Dwarka Expressway Sector 110,Sector 110,Gurugram,2024-11-05,11:00,MCG Flood Control Room & GMDA OneMap,official_govt,https://onemapgurugram.gmda.gov.in/,high,0.0,0.0,0.0,0.0,0.0,DRY_20241105,206.0,2.44,12.16,11.4,Leg 3 Extension Drain,106.8,National Highway,0,16,1,0,0,0.0,0,0,0,0
GWL_0519,28.52209,77.01028,Dwarka Expressway Sector 110,Sector 110,Gurugram,2023-07-09,05:00,MCG Flood Control Room & GMDA OneMap,official_govt,https://onemapgurugram.gmda.gov.in/,high,75.0,135.0,180.0,240.0,90.0,EVT_20230709,206.2,1.06,12.91,62.8,Leg 3 Extension Drain,103.9,National Highway,0,16,1,1,2,24.6,97,0,2,0
GWL_0520,28.52072,77.01172,Dwarka Expressway Sector 110,Sector 110,Gurugram,2025-07-20,10:10,MCG Flood Control Room & GMDA OneMap,official_govt,https://onemapgurugram.gmda.gov.in/,high,40.0,72.0,98.0,115.0,48.0,EVT_20250720,206.4,2.42,12.76,59.9,Leg 3 Extension Drain,99.7,National Highway,0,16,1,1,1,16.1,51,0,1,0
GWL_0521,28.39901,76.96131,Sector 84 Vatika India Next Road,Sector 84,Gurugram,2018-08-28,08:30,GMDA Open Data / IMD Weather Archive,official_gis,https://mausam.imd.gov.in/,high,45.0,82.0,115.0,132.0,55.0,EVT_20180828,207.2,3.48,11.78,151.5,Sector 84 Trunk Drain,369.3,Sector Road,0,6,0,0,0,0.0,0,0,0,0
GWL_0522,28.39938,76.96248,Sector 84 Vatika India Next Road,Sector 84,Gurugram,2019-07-15,14:15,GMDA Open Data / IMD Weather Archive,official_gis,https://mausam.imd.gov.in/,high,32.0,58.0,74.0,89.0,40.0,EVT_20190715,207.6,3.06,11.75,164.7,Sector 84 Trunk Drain,358.6,Sector Road,0,6,0,0,0,0.0,0,0,0,0
GWL_0523,28.39823,76.96178,Sector 84 Vatika India Next Road,Sector 84,Gurugram,2019-07-15,14:15,GMDA Open Data / IMD Weather Archive,official_gis,https://mausam.imd.gov.in/,high,32.0,58.0,74.0,89.0,40.0,EVT_20190715,207.4,2.06,12.39,137.1,Sector 84 Trunk Drain,368.0,Sector Road,0,6,0,0,0,0.0,0,0,0,0
GWL_0524,28.39907,76.96297,Sector 84 Vatika India Next Road,Sector 84,Gurugram,2024-11-05,11:00,GMDA Open Data / IMD Weather Archive,official_gis,https://mausam.imd.gov.in/,high,0.0,0.0,0.0,0.0,0.0,DRY_20241105,207.5,2.77,11.52,170.2,Sector 84 Trunk Drain,341.2,Sector Road,0,6,0,0,0,0.0,0,0,0,0
GWL_0525,28.39967,76.96348,Sector 84 Vatika India Next Road,Sector 84,Gurugram,2020-08-19,09:00,GMDA Open Data / IMD Weather Archive,official_gis,https://mausam.imd.gov.in/,high,58.0,105.0,142.0,168.0,70.0,EVT_20200819,207.3,0.89,12.35,130.6,Sector 84 Trunk Drain,366.0,Sector Road,0,6,0,0,0,0.0,0,0,0,0
GWL_0526,28.39731,76.96088,Sector 84 Vatika India Next Road,Sector 84,Gurugram,2025-07-20,10:10,GMDA Open Data / IMD Weather Archive,official_gis,https://mausam.imd.gov.in/,high,40.0,72.0,98.0,115.0,48.0,EVT_20250720,207.9,2.42,12.19,184.5,Sector 84 Trunk Drain,360.3,Sector Road,0,6,0,0,0,0.0,0,0,0,0
GWL_0527,28.39878,76.96231,Sector 84 Vatika India Next Road,Sector 84,Gurugram,2018-08-28,08:30,GMDA Open Data / IMD Weather Archive,official_gis,https://mausam.imd.gov.in/,high,45.0,82.0,115.0,132.0,55.0,EVT_20180828,207.6,2.1,11.89,157.0,Sector 84 Trunk Drain,363.1,Sector Road,0,6,0,0,0,0.0,0,0,0,0
GWL_0528,28.39768,76.96258,Sector 84 Vatika India Next Road,Sector 84,Gurugram,2025-08-15,14:00,GMDA Open Data / IMD Weather Archive,official_gis,https://mausam.imd.gov.in/,high,6.0,11.0,14.0,18.0,7.0,LIGHT_20250815,207.3,2.26,12.33,129.2,Sector 84 Trunk Drain,341.8,Sector Road,0,6,0,0,0,0.0,0,0,0,0
GWL_0529,28.39739,76.96232,Sector 84 Vatika India Next Road,Sector 84,Gurugram,2022-09-22,11:00,GMDA Open Data / IMD Weather Archive,official_gis,https://mausam.imd.gov.in/,high,28.0,52.0,85.0,110.0,35.0,EVT_20220922,207.8,0.35,12.11,176.7,Sector 84 Trunk Drain,354.4,Sector Road,0,6,0,0,0,0.0,0,0,0,0
GWL_0530,28.39979,76.9615,Sector 84 Vatika India Next Road,Sector 84,Gurugram,2023-10-15,12:00,GMDA Open Data / IMD Weather Archive,official_gis,https://mausam.imd.gov.in/,high,0.0,0.0,0.0,0.0,0.0,DRY_20231015,207.5,0.25,11.58,147.8,Sector 84 Trunk Drain,340.8,Sector Road,0,6,0,0,0,0.0,0,0,0,0
GWL_0531,28.39889,76.96178,Sector 84 Vatika India Next Road,Sector 84,Gurugram,2025-07-20,10:10,GMDA Open Data / IMD Weather Archive,official_gis,https://mausam.imd.gov.in/,high,40.0,72.0,98.0,115.0,48.0,EVT_20250720,207.5,0.78,11.8,164.1,Sector 84 Trunk Drain,369.0,Sector Road,0,6,0,0,0,0.0,0,0,0,0
GWL_0532,28.39715,76.96317,Sector 84 Vatika India Next Road,Sector 84,Gurugram,2020-08-19,09:00,GMDA Open Data / IMD Weather Archive,official_gis,https://mausam.imd.gov.in/,high,58.0,105.0,142.0,168.0,70.0,EVT_20200819,207.6,2.06,11.96,148.8,Sector 84 Trunk Drain,342.7,Sector Road,0,6,0,0,0,0.0,0,0,0,0
GWL_0533,28.3988,76.96152,Sector 84 Vatika India Next Road,Sector 84,Gurugram,2023-07-09,05:00,GMDA Open Data / IMD Weather Archive,official_gis,https://mausam.imd.gov.in/,high,75.0,135.0,180.0,240.0,90.0,EVT_20230709,207.8,1.54,11.52,191.6,Sector 84 Trunk Drain,348.8,Sector Road,0,6,0,0,0,0.0,0,0,0,0
GWL_0534,28.39858,76.96259,Sector 84 Vatika India Next Road,Sector 84,Gurugram,2020-08-19,09:00,GMDA Open Data / IMD Weather Archive,official_gis,https://mausam.imd.gov.in/,high,58.0,105.0,142.0,168.0,70.0,EVT_20200819,207.8,2.81,12.06,190.2,Sector 84 Trunk Drain,368.4,Sector Road,0,6,0,0,0,0.0,0,0,0,0
GWL_0535,28.39789,76.9605,Sector 84 Vatika India Next Road,Sector 84,Gurugram,2018-08-28,08:30,GMDA Open Data / IMD Weather Archive,official_gis,https://mausam.imd.gov.in/,high,45.0,82.0,115.0,132.0,55.0,EVT_20180828,207.3,0.92,12.24,145.8,Sector 84 Trunk Drain,357.8,Sector Road,0,6,0,0,0,0.0,0,0,0,0
GWL_0536,28.39705,76.96269,Sector 84 Vatika India Next Road,Sector 84,Gurugram,2021-09-01,06:30,GMDA Open Data / IMD Weather Archive,official_gis,https://mausam.imd.gov.in/,high,70.0,125.0,160.0,218.0,85.0,EVT_20210901,207.4,2.39,12.1,142.7,Sector 84 Trunk Drain,344.0,Sector Road,0,6,0,0,0,0.0,0,0,0,0
GWL_0537,28.39728,76.96299,Sector 84 Vatika India Next Road,Sector 84,Gurugram,2022-09-22,11:00,GMDA Open Data / IMD Weather Archive,official_gis,https://mausam.imd.gov.in/,high,28.0,52.0,85.0,110.0,35.0,EVT_20220922,207.8,2.34,11.48,179.1,Sector 84 Trunk Drain,361.9,Sector Road,0,6,0,0,0,0.0,0,0,0,0
GWL_0538,28.39934,76.96085,Sector 84 Vatika India Next Road,Sector 84,Gurugram,2024-08-02,18:00,GMDA Open Data / IMD Weather Archive,official_gis,https://mausam.imd.gov.in/,high,4.0,8.0,12.0,15.0,5.0,LIGHT_20240802,207.1,2.55,12.02,113.7,Sector 84 Trunk Drain,340.4,Sector Road,0,6,0,0,0,0.0,0,0,0,0
GWL_0539,28.39862,76.96305,Sector 84 Vatika India Next Road,Sector 84,Gurugram,2025-08-15,14:00,GMDA Open Data / IMD Weather Archive,official_gis,https://mausam.imd.gov.in/,high,6.0,11.0,14.0,18.0,7.0,LIGHT_20250815,207.9,2.07,11.85,174.9,Sector 84 Trunk Drain,356.5,Sector Road,0,6,0,0,0,0.0,0,0,0,0
GWL_0540,28.39814,76.96232,Sector 84 Vatika India Next Road,Sector 84,Gurugram,2018-08-28,08:30,GMDA Open Data / IMD Weather Archive,official_gis,https://mausam.imd.gov.in/,high,45.0,82.0,115.0,132.0,55.0,EVT_20180828,207.4,0.99,11.63,141.6,Sector 84 Trunk Drain,342.9,Sector Road,0,6,0,0,0,0.0,0,0,0,0
GWL_0541,28.35523,76.93946,IMT Manesar Chowk (NH-48),Manesar,Gurugram,2022-09-22,11:00,MCG Flood Control Room & GMDA OneMap,official_govt,https://onemapgurugram.gmda.gov.in/,high,28.0,52.0,85.0,110.0,35.0,EVT_20220922,218.4,1.96,8.01,1103.8,Manesar Nallah,157.5,National Highway,0,13,1,0,0,0.0,0,0,0,0
GWL_0542,28.35714,76.93748,IMT Manesar Chowk (NH-48),Manesar,Gurugram,2021-07-19,07:45,MCG Flood Control Room & GMDA OneMap,official_govt,https://onemapgurugram.gmda.gov.in/,high,62.0,118.0,155.0,185.0,75.0,EVT_20210719,218.2,1.53,7.89,1074.3,Manesar Nallah,149.5,National Highway,0,13,1,0,0,0.0,0,0,0,0
GWL_0543,28.3551,76.9384,IMT Manesar Chowk (NH-48),Manesar,Gurugram,2024-05-20,15:00,MCG Flood Control Room & GMDA OneMap,official_govt,https://onemapgurugram.gmda.gov.in/,high,0.0,0.0,0.0,0.0,0.0,DRY_20240520,218.1,2.11,7.95,1066.5,Manesar Nallah,162.6,National Highway,0,13,1,0,0,0.0,0,0,0,0
GWL_0544,28.35732,76.938,IMT Manesar Chowk (NH-48),Manesar,Gurugram,2021-07-19,07:45,MCG Flood Control Room & GMDA OneMap,official_govt,https://onemapgurugram.gmda.gov.in/,high,62.0,118.0,155.0,185.0,75.0,EVT_20210719,218.6,2.24,7.25,1082.0,Manesar Nallah,148.5,National Highway,0,13,1,0,0,0.0,0,0,0,0
GWL_0545,28.35603,76.93835,IMT Manesar Chowk (NH-48),Manesar,Gurugram,2024-05-20,15:00,MCG Flood Control Room & GMDA OneMap,official_govt,https://onemapgurugram.gmda.gov.in/,high,0.0,0.0,0.0,0.0,0.0,DRY_20240520,218.7,0.85,7.15,1128.0,Manesar Nallah,143.2,National Highway,0,13,1,0,0,0.0,0,0,0,0
GWL_0546,28.35614,76.93826,IMT Manesar Chowk (NH-48),Manesar,Gurugram,2019-07-15,14:15,MCG Flood Control Room & GMDA OneMap,official_govt,https://onemapgurugram.gmda.gov.in/,high,32.0,58.0,74.0,89.0,40.0,EVT_20190715,218.4,0.48,7.2,1068.2,Manesar Nallah,157.6,National Highway,0,13,1,0,0,0.0,0,0,0,0
GWL_0547,28.35633,76.9372,IMT Manesar Chowk (NH-48),Manesar,Gurugram,2022-09-22,11:00,MCG Flood Control Room & GMDA OneMap,official_govt,https://onemapgurugram.gmda.gov.in/,high,28.0,52.0,85.0,110.0,35.0,EVT_20220922,218.5,2.91,7.14,1092.4,Manesar Nallah,160.7,National Highway,0,13,1,0,0,0.0,0,0,0,0
GWL_0548,28.35546,76.93742,IMT Manesar Chowk (NH-48),Manesar,Gurugram,2024-08-02,18:00,MCG Flood Control Room & GMDA OneMap,official_govt,https://onemapgurugram.gmda.gov.in/,high,4.0,8.0,12.0,15.0,5.0,LIGHT_20240802,218.5,3.16,7.91,1095.8,Manesar Nallah,161.9,National Highway,0,13,1,0,0,0.0,0,0,0,0
GWL_0549,28.35579,76.93842,IMT Manesar Chowk (NH-48),Manesar,Gurugram,2025-07-20,10:10,MCG Flood Control Room & GMDA OneMap,official_govt,https://onemapgurugram.gmda.gov.in/,high,40.0,72.0,98.0,115.0,48.0,EVT_20250720,218.4,0.83,7.84,1086.3,Manesar Nallah,150.8,National Highway,0,13,1,0,0,0.0,0,0,0,0
GWL_0550,28.35743,76.93656,IMT Manesar Chowk (NH-48),Manesar,Gurugram,2025-08-15,14:00,MCG Flood Control Room & GMDA OneMap,official_govt,https://onemapgurugram.gmda.gov.in/,high,6.0,11.0,14.0,18.0,7.0,LIGHT_20250815,218.3,0.39,7.95,1083.6,Manesar Nallah,149.9,National Highway,0,13,1,0,0,0.0,0,0,0,0
GWL_0551,28.35673,76.93769,IMT Manesar Chowk (NH-48),Manesar,Gurugram,2023-07-09,05:00,MCG Flood Control Room & GMDA OneMap,official_govt,https://onemapgurugram.gmda.gov.in/,high,75.0,135.0,180.0,240.0,90.0,EVT_20230709,218.6,1.7,7.47,1118.4,Manesar Nallah,147.5,National Highway,0,13,1,0,0,0.0,0,0,0,0
GWL_0552,28.35506,76.93825,IMT Manesar Chowk (NH-48),Manesar,Gurugram,2023-10-15,12:00,MCG Flood Control Room & GMDA OneMap,official_govt,https://onemapgurugram.gmda.gov.in/,high,0.0,0.0,0.0,0.0,0.0,DRY_20231015,218.8,1.45,7.04,1111.6,Manesar Nallah,155.2,National Highway,0,13,1,0,0,0.0,0,0,0,0
GWL_0553,28.35519,76.93847,IMT Manesar Chowk (NH-48),Manesar,Gurugram,2024-11-05,11:00,MCG Flood Control Room & GMDA OneMap,official_govt,https://onemapgurugram.gmda.gov.in/,high,0.0,0.0,0.0,0.0,0.0,DRY_20241105,218.8,1.69,7.33,1114.0,Manesar Nallah,143.5,National Highway,0,13,1,0,0,0.0,0,0,0,0
GWL_0554,28.35735,76.93774,IMT Manesar Chowk (NH-48),Manesar,Gurugram,2020-08-19,09:00,MCG Flood Control Room & GMDA OneMap,official_govt,https://onemapgurugram.gmda.gov.in/,high,58.0,105.0,142.0,168.0,70.0,EVT_20200819,218.3,2.38,7.62,1081.4,Manesar Nallah,141.8,National Highway,0,13,1,0,0,0.0,0,0,0,0
GWL_0555,28.35714,76.93932,IMT Manesar Chowk (NH-48),Manesar,Gurugram,2021-07-19,07:45,MCG Flood Control Room & GMDA OneMap,official_govt,https://onemapgurugram.gmda.gov.in/,high,62.0,118.0,155.0,185.0,75.0,EVT_20210719,218.5,3.35,7.25,1091.6,Manesar Nallah,158.1,National Highway,0,13,1,0,0,0.0,0,0,0,0
GWL_0556,28.35645,76.9377,IMT Manesar Chowk (NH-48),Manesar,Gurugram,2025-08-15,14:00,MCG Flood Control Room & GMDA OneMap,official_govt,https://onemapgurugram.gmda.gov.in/,high,6.0,11.0,14.0,18.0,7.0,LIGHT_20250815,218.3,0.62,7.57,1062.0,Manesar Nallah,162.0,National Highway,0,13,1,0,0,0.0,0,0,0,0
GWL_0557,28.35533,76.93668,IMT Manesar Chowk (NH-48),Manesar,Gurugram,2020-08-19,09:00,MCG Flood Control Room & GMDA OneMap,official_govt,https://onemapgurugram.gmda.gov.in/,high,58.0,105.0,142.0,168.0,70.0,EVT_20200819,218.4,2.16,8.01,1087.1,Manesar Nallah,150.4,National Highway,0,13,1,0,0,0.0,0,0,0,0
GWL_0558,28.35711,76.93812,IMT Manesar Chowk (NH-48),Manesar,Gurugram,2024-08-02,18:00,MCG Flood Control Room & GMDA OneMap,official_govt,https://onemapgurugram.gmda.gov.in/,high,4.0,8.0,12.0,15.0,5.0,LIGHT_20240802,218.1,2.07,8.17,1054.4,Manesar Nallah,148.9,National Highway,0,13,1,0,0,0.0,0,0,0,0
GWL_0559,28.35513,76.93695,IMT Manesar Chowk (NH-48),Manesar,Gurugram,2024-08-02,18:00,MCG Flood Control Room & GMDA OneMap,official_govt,https://onemapgurugram.gmda.gov.in/,high,4.0,8.0,12.0,15.0,5.0,LIGHT_20240802,218.3,2.17,7.26,1093.1,Manesar Nallah,162.7,National Highway,0,13,1,0,0,0.0,0,0,0,0
GWL_0560,28.35646,76.93899,IMT Manesar Chowk (NH-48),Manesar,Gurugram,2020-08-19,09:00,MCG Flood Control Room & GMDA OneMap,official_govt,https://onemapgurugram.gmda.gov.in/,high,58.0,105.0,142.0,168.0,70.0,EVT_20200819,218.1,1.77,7.89,1071.6,Manesar Nallah,163.5,National Highway,0,13,1,0,0,0.0,0,0,0,0
GWL_0561,28.34143,76.92282,IMT Manesar Sector 5 Main Gate,Manesar,Gurugram,2023-07-09,05:00,GMDA Open Data / IMD Weather Archive,official_gis,https://mausam.imd.gov.in/,high,75.0,135.0,180.0,240.0,90.0,EVT_20230709,219.8,3.09,7.55,1190.1,Manesar Nallah,491.7,Sector Road,0,4,0,0,0,0.0,0,0,0,0
GWL_0562,28.34072,76.92122,IMT Manesar Sector 5 Main Gate,Manesar,Gurugram,2018-08-28,08:30,GMDA Open Data / IMD Weather Archive,official_gis,https://mausam.imd.gov.in/,high,45.0,82.0,115.0,132.0,55.0,EVT_20180828,220.1,2.12,7.4,1235.4,Manesar Nallah,484.4,Sector Road,0,4,0,0,0,0.0,0,0,0,0
GWL_0563,28.34303,76.92285,IMT Manesar Sector 5 Main Gate,Manesar,Gurugram,2020-08-19,09:00,GMDA Open Data / IMD Weather Archive,official_gis,https://mausam.imd.gov.in/,high,58.0,105.0,142.0,168.0,70.0,EVT_20200819,219.7,3.44,6.71,1207.1,Manesar Nallah,478.4,Sector Road,0,4,0,0,0,0.0,0,0,0,0
GWL_0564,28.341,76.92132,IMT Manesar Sector 5 Main Gate,Manesar,Gurugram,2024-11-05,11:00,GMDA Open Data / IMD Weather Archive,official_gis,https://mausam.imd.gov.in/,high,0.0,0.0,0.0,0.0,0.0,DRY_20241105,220.2,1.46,6.47,1241.0,Manesar Nallah,497.1,Sector Road,0,4,0,0,0,0.0,0,0,0,0
GWL_0565,28.34175,76.92065,IMT Manesar Sector 5 Main Gate,Manesar,Gurugram,2022-09-22,11:00,GMDA Open Data / IMD Weather Archive,official_gis,https://mausam.imd.gov.in/,high,28.0,52.0,85.0,110.0,35.0,EVT_20220922,220.1,0.36,7.28,1241.6,Manesar Nallah,487.6,Sector Road,0,4,0,0,0,0.0,0,0,0,0
GWL_0566,28.34166,76.9224,IMT Manesar Sector 5 Main Gate,Manesar,Gurugram,2024-08-02,18:00,GMDA Open Data / IMD Weather Archive,official_gis,https://mausam.imd.gov.in/,high,4.0,8.0,12.0,15.0,5.0,LIGHT_20240802,220.1,2.93,7.09,1239.9,Manesar Nallah,488.0,Sector Road,0,4,0,0,0,0.0,0,0,0,0
GWL_0567,28.34184,76.92287,IMT Manesar Sector 5 Main Gate,Manesar,Gurugram,2023-07-09,05:00,GMDA Open Data / IMD Weather Archive,official_gis,https://mausam.imd.gov.in/,high,75.0,135.0,180.0,240.0,90.0,EVT_20230709,220.1,2.2,6.68,1233.5,Manesar Nallah,487.1,Sector Road,0,4,0,0,0,0.0,0,0,0,0
GWL_0568,28.34115,76.92018,IMT Manesar Sector 5 Main Gate,Manesar,Gurugram,2024-08-02,18:00,GMDA Open Data / IMD Weather Archive,official_gis,https://mausam.imd.gov.in/,high,4.0,8.0,12.0,15.0,5.0,LIGHT_20240802,220.2,2.72,6.94,1226.1,Manesar Nallah,490.0,Sector Road,0,4,0,0,0,0.0,0,0,0,0
GWL_0569,28.34084,76.92133,IMT Manesar Sector 5 Main Gate,Manesar,Gurugram,2024-05-20,15:00,GMDA Open Data / IMD Weather Archive,official_gis,https://mausam.imd.gov.in/,high,0.0,0.0,0.0,0.0,0.0,DRY_20240520,219.8,0.81,6.78,1198.5,Manesar Nallah,471.5,Sector Road,0,4,0,0,0,0.0,0,0,0,0
GWL_0570,28.34179,76.92154,IMT Manesar Sector 5 Main Gate,Manesar,Gurugram,2025-08-15,14:00,GMDA Open Data / IMD Weather Archive,official_gis,https://mausam.imd.gov.in/,high,6.0,11.0,14.0,18.0,7.0,LIGHT_20250815,220.1,1.46,7.3,1214.3,Manesar Nallah,485.2,Sector Road,0,4,0,0,0,0.0,0,0,0,0
GWL_0571,28.34079,76.92021,IMT Manesar Sector 5 Main Gate,Manesar,Gurugram,2024-11-05,11:00,GMDA Open Data / IMD Weather Archive,official_gis,https://mausam.imd.gov.in/,high,0.0,0.0,0.0,0.0,0.0,DRY_20241105,220.2,2.07,7.3,1239.3,Manesar Nallah,498.8,Sector Road,0,4,0,0,0,0.0,0,0,0,0
GWL_0572,28.34075,76.92029,IMT Manesar Sector 5 Main Gate,Manesar,Gurugram,2024-08-02,18:00,GMDA Open Data / IMD Weather Archive,official_gis,https://mausam.imd.gov.in/,high,4.0,8.0,12.0,15.0,5.0,LIGHT_20240802,219.7,0.81,7.16,1200.3,Manesar Nallah,471.4,Sector Road,0,4,0,0,0,0.0,0,0,0,0
GWL_0573,28.34344,76.92253,IMT Manesar Sector 5 Main Gate,Manesar,Gurugram,2021-07-19,07:45,GMDA Open Data / IMD Weather Archive,official_gis,https://mausam.imd.gov.in/,high,62.0,118.0,155.0,185.0,75.0,EVT_20210719,219.9,0.45,6.71,1196.6,Manesar Nallah,473.7,Sector Road,0,4,0,0,0,0.0,0,0,0,0
GWL_0574,28.34216,76.92074,IMT Manesar Sector 5 Main Gate,Manesar,Gurugram,2021-09-01,06:30,GMDA Open Data / IMD Weather Archive,official_gis,https://mausam.imd.gov.in/,high,70.0,125.0,160.0,218.0,85.0,EVT_20210901,220.0,3.47,7.18,1238.0,Manesar Nallah,474.3,Sector Road,0,4,0,0,0,0.0,0,0,0,0
GWL_0575,28.34175,76.92166,IMT Manesar Sector 5 Main Gate,Manesar,Gurugram,2020-08-19,09:00,GMDA Open Data / IMD Weather Archive,official_gis,https://mausam.imd.gov.in/,high,58.0,105.0,142.0,168.0,70.0,EVT_20200819,219.8,0.21,7.25,1208.7,Manesar Nallah,482.3,Sector Road,0,4,0,0,0,0.0,0,0,0,0
GWL_0576,28.34207,76.92125,IMT Manesar Sector 5 Main Gate,Manesar,Gurugram,2024-08-02,18:00,GMDA Open Data / IMD Weather Archive,official_gis,https://mausam.imd.gov.in/,high,4.0,8.0,12.0,15.0,5.0,LIGHT_20240802,219.7,1.31,6.8,1178.4,Manesar Nallah,498.7,Sector Road,0,4,0,0,0,0.0,0,0,0,0
GWL_0577,28.3424,76.92219,IMT Manesar Sector 5 Main Gate,Manesar,Gurugram,2024-11-05,11:00,GMDA Open Data / IMD Weather Archive,official_gis,https://mausam.imd.gov.in/,high,0.0,0.0,0.0,0.0,0.0,DRY_20241105,220.0,1.5,6.74,1203.9,Manesar Nallah,475.4,Sector Road,0,4,0,0,0,0.0,0,0,0,0
GWL_0578,28.34299,76.92203,IMT Manesar Sector 5 Main Gate,Manesar,Gurugram,2019-07-15,14:15,GMDA Open Data / IMD Weather Archive,official_gis,https://mausam.imd.gov.in/,high,32.0,58.0,74.0,89.0,40.0,EVT_20190715,220.1,1.77,7.38,1211.4,Manesar Nallah,478.4,Sector Road,0,4,0,0,0,0.0,0,0,0,0
GWL_0579,28.34165,76.92235,IMT Manesar Sector 5 Main Gate,Manesar,Gurugram,2023-07-09,05:00,GMDA Open Data / IMD Weather Archive,official_gis,https://mausam.imd.gov.in/,high,75.0,135.0,180.0,240.0,90.0,EVT_20230709,220.5,0.99,7.17,1275.7,Manesar Nallah,476.7,Sector Road,0,4,0,0,0,0.0,0,0,0,0
GWL_0580,28.3418,76.92123,IMT Manesar Sector 5 Main Gate,Manesar,Gurugram,2025-08-15,14:00,GMDA Open Data / IMD Weather Archive,official_gis,https://mausam.imd.gov.in/,high,6.0,11.0,14.0,18.0,7.0,LIGHT_20250815,220.5,0.8,7.1,1255.9,Manesar Nallah,491.9,Sector Road,0,4,0,0,0,0.0,0,0,0,0
GWL_0581,28.31396,77.04234,Sohna Road (Bhondsi Stretch),Sohna Road,Gurugram,2018-08-28,08:30,MCG Flood Control Room & GMDA OneMap,official_govt,https://onemapgurugram.gmda.gov.in/,high,45.0,82.0,115.0,132.0,55.0,EVT_20180828,212.3,2.85,10.45,547.9,Sohna Valley Drain,290.8,National Highway,0,10,1,0,0,0.0,0,0,0,0
GWL_0582,28.31312,77.04185,Sohna Road (Bhondsi Stretch),Sohna Road,Gurugram,2025-08-15,14:00,MCG Flood Control Room & GMDA OneMap,official_govt,https://onemapgurugram.gmda.gov.in/,high,6.0,11.0,14.0,18.0,7.0,LIGHT_20250815,212.0,1.53,10.22,559.9,Sohna Valley Drain,274.1,National Highway,0,10,1,0,0,0.0,0,0,0,0
GWL_0583,28.31473,77.04179,Sohna Road (Bhondsi Stretch),Sohna Road,Gurugram,2024-08-11,16:20,MCG Flood Control Room & GMDA OneMap,official_govt,https://onemapgurugram.gmda.gov.in/,high,50.0,92.0,120.0,145.0,60.0,EVT_20240811,211.7,0.72,10.77,529.7,Sohna Valley Drain,297.2,National Highway,0,10,1,0,0,0.0,0,0,0,0
GWL_0584,28.31567,77.04122,Sohna Road (Bhondsi Stretch),Sohna Road,Gurugram,2021-07-19,07:45,MCG Flood Control Room & GMDA OneMap,official_govt,https://onemapgurugram.gmda.gov.in/,high,62.0,118.0,155.0,185.0,75.0,EVT_20210719,211.9,2.41,10.22,528.2,Sohna Valley Drain,280.7,National Highway,0,10,1,0,0,0.0,0,0,0,0
GWL_0585,28.31448,77.04233,Sohna Road (Bhondsi Stretch),Sohna Road,Gurugram,2021-07-19,07:45,MCG Flood Control Room & GMDA OneMap,official_govt,https://onemapgurugram.gmda.gov.in/,high,62.0,118.0,155.0,185.0,75.0,EVT_20210719,211.7,1.76,10.37,517.3,Sohna Valley Drain,276.3,National Highway,0,10,1,0,0,0.0,0,0,0,0
GWL_0586,28.31493,77.04068,Sohna Road (Bhondsi Stretch),Sohna Road,Gurugram,2025-08-15,14:00,MCG Flood Control Room & GMDA OneMap,official_govt,https://onemapgurugram.gmda.gov.in/,high,6.0,11.0,14.0,18.0,7.0,LIGHT_20250815,211.9,2.77,10.3,521.9,Sohna Valley Drain,290.8,National Highway,0,10,1,0,0,0.0,0,0,0,0
GWL_0587,28.3144,77.04299,Sohna Road (Bhondsi Stretch),Sohna Road,Gurugram,2024-08-11,16:20,MCG Flood Control Room & GMDA OneMap,official_govt,https://onemapgurugram.gmda.gov.in/,high,50.0,92.0,120.0,145.0,60.0,EVT_20240811,212.2,2.21,10.11,542.3,Sohna Valley Drain,277.8,National Highway,0,10,1,0,0,0.0,0,0,0,0
GWL_0588,28.31396,77.0424,Sohna Road (Bhondsi Stretch),Sohna Road,Gurugram,2022-09-22,11:00,MCG Flood Control Room & GMDA OneMap,official_govt,https://onemapgurugram.gmda.gov.in/,high,28.0,52.0,85.0,110.0,35.0,EVT_20220922,212.0,1.15,9.71,539.8,Sohna Valley Drain,278.6,National Highway,0,10,1,0,0,0.0,0,0,0,0
GWL_0589,28.3149,77.04067,Sohna Road (Bhondsi Stretch),Sohna Road,Gurugram,2021-09-01,06:30,MCG Flood Control Room & GMDA OneMap,official_govt,https://onemapgurugram.gmda.gov.in/,high,70.0,125.0,160.0,218.0,85.0,EVT_20210901,212.1,3.31,9.83,547.4,Sohna Valley Drain,272.7,National Highway,0,10,1,0,0,0.0,0,0,0,0
GWL_0590,28.31458,77.04225,Sohna Road (Bhondsi Stretch),Sohna Road,Gurugram,2025-08-15,14:00,MCG Flood Control Room & GMDA OneMap,official_govt,https://onemapgurugram.gmda.gov.in/,high,6.0,11.0,14.0,18.0,7.0,LIGHT_20250815,211.9,1.92,10.64,519.4,Sohna Valley Drain,270.7,National Highway,0,10,1,0,0,0.0,0,0,0,0
GWL_0591,28.31528,77.04233,Sohna Road (Bhondsi Stretch),Sohna Road,Gurugram,2024-08-02,18:00,MCG Flood Control Room & GMDA OneMap,official_govt,https://onemapgurugram.gmda.gov.in/,high,4.0,8.0,12.0,15.0,5.0,LIGHT_20240802,212.3,2.17,10.39,562.7,Sohna Valley Drain,292.5,National Highway,0,10,1,0,0,0.0,0,0,0,0
GWL_0592,28.31544,77.04232,Sohna Road (Bhondsi Stretch),Sohna Road,Gurugram,2025-08-15,14:00,MCG Flood Control Room & GMDA OneMap,official_govt,https://onemapgurugram.gmda.gov.in/,high,6.0,11.0,14.0,18.0,7.0,LIGHT_20250815,211.7,1.09,10.02,504.4,Sohna Valley Drain,279.2,National Highway,0,10,1,0,0,0.0,0,0,0,0
GWL_0593,28.31437,77.04236,Sohna Road (Bhondsi Stretch),Sohna Road,Gurugram,2021-07-19,07:45,MCG Flood Control Room & GMDA OneMap,official_govt,https://onemapgurugram.gmda.gov.in/,high,62.0,118.0,155.0,185.0,75.0,EVT_20210719,211.9,2.23,9.82,515.0,Sohna Valley Drain,275.2,National Highway,0,10,1,0,0,0.0,0,0,0,0
GWL_0594,28.31425,77.04124,Sohna Road (Bhondsi Stretch),Sohna Road,Gurugram,2021-07-19,07:45,MCG Flood Control Room & GMDA OneMap,official_govt,https://onemapgurugram.gmda.gov.in/,high,62.0,118.0,155.0,185.0,75.0,EVT_20210719,211.8,1.52,10.59,503.6,Sohna Valley Drain,289.5,National Highway,0,10,1,0,0,0.0,0,0,0,0
GWL_0595,28.31471,77.043,Sohna Road (Bhondsi Stretch),Sohna Road,Gurugram,2018-08-28,08:30,MCG Flood Control Room & GMDA OneMap,official_govt,https://onemapgurugram.gmda.gov.in/,high,45.0,82.0,115.0,132.0,55.0,EVT_20180828,212.3,0.27,9.73,580.9,Sohna Valley Drain,283.8,National Highway,0,10,1,0,0,0.0,0,0,0,0
GWL_0596,28.31439,77.04259,Sohna Road (Bhondsi Stretch),Sohna Road,Gurugram,2024-05-20,15:00,MCG Flood Control Room & GMDA OneMap,official_govt,https://onemapgurugram.gmda.gov.in/,high,0.0,0.0,0.0,0.0,0.0,DRY_20240520,212.1,3.27,10.66,557.3,Sohna Valley Drain,278.6,National Highway,0,10,1,0,0,0.0,0,0,0,0
GWL_0597,28.31534,77.04075,Sohna Road (Bhondsi Stretch),Sohna Road,Gurugram,2021-07-19,07:45,MCG Flood Control Room & GMDA OneMap,official_govt,https://onemapgurugram.gmda.gov.in/,high,62.0,118.0,155.0,185.0,75.0,EVT_20210719,211.8,3.16,10.04,511.8,Sohna Valley Drain,274.1,National Highway,0,10,1,0,0,0.0,0,0,0,0
GWL_0598,28.31528,77.0421,Sohna Road (Bhondsi Stretch),Sohna Road,Gurugram,2023-07-09,05:00,MCG Flood Control Room & GMDA OneMap,official_govt,https://onemapgurugram.gmda.gov.in/,high,75.0,135.0,180.0,240.0,90.0,EVT_20230709,212.1,0.99,10.42,558.9,Sohna Valley Drain,279.4,National Highway,0,10,1,1,1,11.2,42,0,1,0
GWL_0599,28.31563,77.04254,Sohna Road (Bhondsi Stretch),Sohna Road,Gurugram,2022-09-22,11:00,MCG Flood Control Room & GMDA OneMap,official_govt,https://onemapgurugram.gmda.gov.in/,high,28.0,52.0,85.0,110.0,35.0,EVT_20220922,212.3,1.2,10.36,576.1,Sohna Valley Drain,290.7,National Highway,0,10,1,0,0,0.0,0,0,0,0
GWL_0600,28.3156,77.04178,Sohna Road (Bhondsi Stretch),Sohna Road,Gurugram,2021-09-01,06:30,MCG Flood Control Room & GMDA OneMap,official_govt,https://onemapgurugram.gmda.gov.in/,high,70.0,125.0,160.0,218.0,85.0,EVT_20210901,211.7,2.42,10.55,517.5,Sohna Valley Drain,276.2,National Highway,0,10,1,0,0,0.0,0,0,0,0
GWL_0601,28.46121,76.98444,Pataudi Road (Kadipur Enclave),Sector 10,Gurugram,2025-08-15,14:00,MCG Flood Control Room & GMDA OneMap,official_govt,https://onemapgurugram.gmda.gov.in/,high,6.0,11.0,14.0,18.0,7.0,LIGHT_20250815,209.7,2.33,11.37,333.8,Basai Outfall Drain,192.2,Master Arterial,0,11,1,0,0,0.0,0,0,0,0
GWL_0602,28.46051,76.9841,Pataudi Road (Kadipur Enclave),Sector 10,Gurugram,2019-07-15,14:15,MCG Flood Control Room & GMDA OneMap,official_govt,https://onemapgurugram.gmda.gov.in/,high,32.0,58.0,74.0,89.0,40.0,EVT_20190715,210.0,3.2,10.87,380.1,Basai Outfall Drain,206.9,Master Arterial,0,11,1,0,0,0.0,0,0,0,0
GWL_0603,28.46224,76.98405,Pataudi Road (Kadipur Enclave),Sector 10,Gurugram,2024-08-02,18:00,MCG Flood Control Room & GMDA OneMap,official_govt,https://onemapgurugram.gmda.gov.in/,high,4.0,8.0,12.0,15.0,5.0,LIGHT_20240802,210.2,1.44,10.76,369.5,Basai Outfall Drain,194.6,Master Arterial,0,11,1,0,0,0.0,0,0,0,0
GWL_0604,28.46003,76.98425,Pataudi Road (Kadipur Enclave),Sector 10,Gurugram,2021-09-01,06:30,MCG Flood Control Room & GMDA OneMap,official_govt,https://onemapgurugram.gmda.gov.in/,high,70.0,125.0,160.0,218.0,85.0,EVT_20210901,209.7,2.87,11.5,336.6,Basai Outfall Drain,205.8,Master Arterial,0,11,1,1,1,17.9,75,0,1,0
GWL_0605,28.46014,76.98557,Pataudi Road (Kadipur Enclave),Sector 10,Gurugram,2022-09-22,11:00,MCG Flood Control Room & GMDA OneMap,official_govt,https://onemapgurugram.gmda.gov.in/,high,28.0,52.0,85.0,110.0,35.0,EVT_20220922,210.2,2.45,10.75,387.0,Basai Outfall Drain,199.4,Master Arterial,0,11,1,0,0,0.0,0,0,0,0
GWL_0606,28.46123,76.98386,Pataudi Road (Kadipur Enclave),Sector 10,Gurugram,2024-05-20,15:00,MCG Flood Control Room & GMDA OneMap,official_govt,https://onemapgurugram.gmda.gov.in/,high,0.0,0.0,0.0,0.0,0.0,DRY_20240520,209.6,2.85,11.52,321.5,Basai Outfall Drain,208.6,Master Arterial,0,11,1,0,0,0.0,0,0,0,0
GWL_0607,28.46069,76.98549,Pataudi Road (Kadipur Enclave),Sector 10,Gurugram,2025-07-20,10:10,MCG Flood Control Room & GMDA OneMap,official_govt,https://onemapgurugram.gmda.gov.in/,high,40.0,72.0,98.0,115.0,48.0,EVT_20250720,210.0,2.88,11.45,362.5,Basai Outfall Drain,205.8,Master Arterial,0,11,1,0,0,0.0,0,0,0,0
GWL_0608,28.4601,76.98562,Pataudi Road (Kadipur Enclave),Sector 10,Gurugram,2023-07-09,05:00,MCG Flood Control Room & GMDA OneMap,official_govt,https://onemapgurugram.gmda.gov.in/,high,75.0,135.0,180.0,240.0,90.0,EVT_20230709,210.0,2.44,10.75,384.9,Basai Outfall Drain,185.1,Master Arterial,0,11,1,1,1,5.8,73,0,1,0
GWL_0609,28.46113,76.98605,Pataudi Road (Kadipur Enclave),Sector 10,Gurugram,2024-05-20,15:00,MCG Flood Control Room & GMDA OneMap,official_govt,https://onemapgurugram.gmda.gov.in/,high,0.0,0.0,0.0,0.0,0.0,DRY_20240520,209.7,0.76,11.46,346.5,Basai Outfall Drain,185.7,Master Arterial,0,11,1,0,0,0.0,0,0,0,0
GWL_0610,28.46186,76.98503,Pataudi Road (Kadipur Enclave),Sector 10,Gurugram,2025-08-15,14:00,MCG Flood Control Room & GMDA OneMap,official_govt,https://onemapgurugram.gmda.gov.in/,high,6.0,11.0,14.0,18.0,7.0,LIGHT_20250815,209.9,1.72,11.37,374.7,Basai Outfall Drain,201.3,Master Arterial,0,11,1,0,0,0.0,0,0,0,0
GWL_0611,28.46002,76.98602,Pataudi Road (Kadipur Enclave),Sector 10,Gurugram,2025-07-20,10:10,MCG Flood Control Room & GMDA OneMap,official_govt,https://onemapgurugram.gmda.gov.in/,high,40.0,72.0,98.0,115.0,48.0,EVT_20250720,209.9,2.5,10.9,376.7,Basai Outfall Drain,201.8,Master Arterial,0,11,1,0,0,0.0,0,0,0,0
GWL_0612,28.46004,76.98472,Pataudi Road (Kadipur Enclave),Sector 10,Gurugram,2022-09-22,11:00,MCG Flood Control Room & GMDA OneMap,official_govt,https://onemapgurugram.gmda.gov.in/,high,28.0,52.0,85.0,110.0,35.0,EVT_20220922,210.1,0.36,11.42,385.7,Basai Outfall Drain,198.9,Master Arterial,0,11,1,0,0,0.0,0,0,0,0
GWL_0613,28.46051,76.98425,Pataudi Road (Kadipur Enclave),Sector 10,Gurugram,2018-08-28,08:30,MCG Flood Control Room & GMDA OneMap,official_govt,https://onemapgurugram.gmda.gov.in/,high,45.0,82.0,115.0,132.0,55.0,EVT_20180828,210.2,1.18,11.2,382.7,Basai Outfall Drain,184.2,Master Arterial,0,11,1,0,0,0.0,0,0,0,0
GWL_0614,28.45973,76.98513,Pataudi Road (Kadipur Enclave),Sector 10,Gurugram,2019-07-15,14:15,MCG Flood Control Room & GMDA OneMap,official_govt,https://onemapgurugram.gmda.gov.in/,high,32.0,58.0,74.0,89.0,40.0,EVT_20190715,210.2,1.42,10.78,380.8,Basai Outfall Drain,195.6,Master Arterial,0,11,1,0,0,0.0,0,0,0,0
GWL_0615,28.46102,76.98614,Pataudi Road (Kadipur Enclave),Sector 10,Gurugram,2021-09-01,06:30,MCG Flood Control Room & GMDA OneMap,official_govt,https://onemapgurugram.gmda.gov.in/,high,70.0,125.0,160.0,218.0,85.0,EVT_20210901,209.8,1.88,10.72,372.3,Basai Outfall Drain,187.5,Master Arterial,0,11,1,1,1,6.1,69,0,1,0
GWL_0616,28.46149,76.98475,Pataudi Road (Kadipur Enclave),Sector 10,Gurugram,2020-08-19,09:00,MCG Flood Control Room & GMDA OneMap,official_govt,https://onemapgurugram.gmda.gov.in/,high,58.0,105.0,142.0,168.0,70.0,EVT_20200819,209.7,2.79,10.82,357.3,Basai Outfall Drain,199.5,Master Arterial,0,11,1,1,1,11.3,57,0,1,0
GWL_0617,28.46047,76.98576,Pataudi Road (Kadipur Enclave),Sector 10,Gurugram,2023-10-15,12:00,MCG Flood Control Room & GMDA OneMap,official_govt,https://onemapgurugram.gmda.gov.in/,high,0.0,0.0,0.0,0.0,0.0,DRY_20231015,209.8,1.26,11.18,372.8,Basai Outfall Drain,193.1,Master Arterial,0,11,1,0,0,0.0,0,0,0,0
GWL_0618,28.46246,76.98454,Pataudi Road (Kadipur Enclave),Sector 10,Gurugram,2021-09-01,06:30,MCG Flood Control Room & GMDA OneMap,official_govt,https://onemapgurugram.gmda.gov.in/,high,70.0,125.0,160.0,218.0,85.0,EVT_20210901,209.4,0.87,11.16,307.8,Basai Outfall Drain,180.0,Master Arterial,0,11,1,1,1,18.7,80,0,1,0
GWL_0619,28.46193,76.984,Pataudi Road (Kadipur Enclave),Sector 10,Gurugram,2018-08-28,08:30,MCG Flood Control Room & GMDA OneMap,official_govt,https://onemapgurugram.gmda.gov.in/,high,45.0,82.0,115.0,132.0,55.0,EVT_20180828,209.5,0.42,11.42,344.7,Basai Outfall Drain,192.9,Master Arterial,0,11,1,0,0,0.0,0,0,0,0
GWL_0620,28.46006,76.98504,Pataudi Road (Kadipur Enclave),Sector 10,Gurugram,2019-07-15,14:15,MCG Flood Control Room & GMDA OneMap,official_govt,https://onemapgurugram.gmda.gov.in/,high,32.0,58.0,74.0,89.0,40.0,EVT_20190715,209.7,1.44,11.24,353.2,Basai Outfall Drain,183.3,Master Arterial,0,11,1,0,0,0.0,0,0,0,0
GWL_0621,28.49371,77.08968,Cyber City DLF Phase 2,Sector 24,Gurugram,2023-10-15,12:00,GMDA Open Data / IMD Weather Archive,official_gis,https://mausam.imd.gov.in/,high,0.0,0.0,0.0,0.0,0.0,DRY_20231015,225.6,0.38,4.45,1677.6,DLF Internal Storm Drain,81.8,Master Arterial,0,2,0,0,0,0.0,0,0,0,0
GWL_0622,28.49601,77.08772,Cyber City DLF Phase 2,Sector 24,Gurugram,2023-07-09,05:00,GMDA Open Data / IMD Weather Archive,official_gis,https://mausam.imd.gov.in/,high,75.0,135.0,180.0,240.0,90.0,EVT_20230709,225.8,2.43,4.69,1727.5,DLF Internal Storm Drain,96.0,Master Arterial,0,2,0,0,0,0.0,0,0,0,0
GWL_0623,28.49363,77.08903,Cyber City DLF Phase 2,Sector 24,Gurugram,2022-09-22,11:00,GMDA Open Data / IMD Weather Archive,official_gis,https://mausam.imd.gov.in/,high,28.0,52.0,85.0,110.0,35.0,EVT_20220922,225.8,3.46,4.66,1732.5,DLF Internal Storm Drain,92.6,Master Arterial,0,2,0,0,0,0.0,0,0,0,0
GWL_0624,28.49435,77.08832,Cyber City DLF Phase 2,Sector 24,Gurugram,2024-11-05,11:00,GMDA Open Data / IMD Weather Archive,official_gis,https://mausam.imd.gov.in/,high,0.0,0.0,0.0,0.0,0.0,DRY_20241105,226.2,3.03,4.12,1755.3,DLF Internal Storm Drain,80.4,Master Arterial,0,2,0,0,0,0.0,0,0,0,0
GWL_0625,28.49362,77.08791,Cyber City DLF Phase 2,Sector 24,Gurugram,2024-08-02,18:00,GMDA Open Data / IMD Weather Archive,official_gis,https://mausam.imd.gov.in/,high,4.0,8.0,12.0,15.0,5.0,LIGHT_20240802,225.6,2.9,4.6,1709.1,DLF Internal Storm Drain,70.0,Master Arterial,0,2,0,0,0,0.0,0,0,0,0
GWL_0626,28.49452,77.08742,Cyber City DLF Phase 2,Sector 24,Gurugram,2022-09-22,11:00,GMDA Open Data / IMD Weather Archive,official_gis,https://mausam.imd.gov.in/,high,28.0,52.0,85.0,110.0,35.0,EVT_20220922,225.6,0.43,4.45,1698.2,DLF Internal Storm Drain,78.7,Master Arterial,0,2,0,0,0,0.0,0,0,0,0
GWL_0627,28.49485,77.08783,Cyber City DLF Phase 2,Sector 24,Gurugram,2023-07-09,05:00,GMDA Open Data / IMD Weather Archive,official_gis,https://mausam.imd.gov.in/,high,75.0,135.0,180.0,240.0,90.0,EVT_20230709,226.1,3.19,4.55,1731.7,DLF Internal Storm Drain,73.2,Master Arterial,0,2,0,0,0,0.0,0,0,0,0
GWL_0628,28.49646,77.08688,Cyber City DLF Phase 2,Sector 24,Gurugram,2023-10-15,12:00,GMDA Open Data / IMD Weather Archive,official_gis,https://mausam.imd.gov.in/,high,0.0,0.0,0.0,0.0,0.0,DRY_20231015,225.6,1.18,4.58,1682.6,DLF Internal Storm Drain,93.5,Master Arterial,0,2,0,0,0,0.0,0,0,0,0
GWL_0629,28.49397,77.0886,Cyber City DLF Phase 2,Sector 24,Gurugram,2025-07-20,10:10,GMDA Open Data / IMD Weather Archive,official_gis,https://mausam.imd.gov.in/,high,40.0,72.0,98.0,115.0,48.0,EVT_20250720,225.5,0.43,5.21,1675.1,DLF Internal Storm Drain,94.6,Master Arterial,0,2,0,0,0,0.0,0,0,0,0
GWL_0630,28.49523,77.08693,Cyber City DLF Phase 2,Sector 24,Gurugram,2019-07-15,14:15,GMDA Open Data / IMD Weather Archive,official_gis,https://mausam.imd.gov.in/,high,32.0,58.0,74.0,89.0,40.0,EVT_20190715,226.2,1.01,4.88,1733.8,DLF Internal Storm Drain,95.6,Master Arterial,0,2,0,0,0,0.0,0,0,0,0
GWL_0631,28.49364,77.08824,Cyber City DLF Phase 2,Sector 24,Gurugram,2023-07-09,05:00,GMDA Open Data / IMD Weather Archive,official_gis,https://mausam.imd.gov.in/,high,75.0,135.0,180.0,240.0,90.0,EVT_20230709,226.0,3.28,5.01,1742.8,DLF Internal Storm Drain,96.6,Master Arterial,0,2,0,0,0,0.0,0,0,0,0
GWL_0632,28.4942,77.08755,Cyber City DLF Phase 2,Sector 24,Gurugram,2023-10-15,12:00,GMDA Open Data / IMD Weather Archive,official_gis,https://mausam.imd.gov.in/,high,0.0,0.0,0.0,0.0,0.0,DRY_20231015,225.6,1.44,4.65,1697.8,DLF Internal Storm Drain,74.8,Master Arterial,0,2,0,0,0,0.0,0,0,0,0
GWL_0633,28.49567,77.0872,Cyber City DLF Phase 2,Sector 24,Gurugram,2021-07-19,07:45,GMDA Open Data / IMD Weather Archive,official_gis,https://mausam.imd.gov.in/,high,62.0,118.0,155.0,185.0,75.0,EVT_20210719,225.6,1.86,5.06,1705.6,DLF Internal Storm Drain,89.4,Master Arterial,0,2,0,0,0,0.0,0,0,0,0
GWL_0634,28.49407,77.08834,Cyber City DLF Phase 2,Sector 24,Gurugram,2021-09-01,06:30,GMDA Open Data / IMD Weather Archive,official_gis,https://mausam.imd.gov.in/,high,70.0,125.0,160.0,218.0,85.0,EVT_20210901,225.5,1.45,4.71,1669.1,DLF Internal Storm Drain,78.2,Master Arterial,0,2,0,0,0,0.0,0,0,0,0
GWL_0635,28.49647,77.08956,Cyber City DLF Phase 2,Sector 24,Gurugram,2018-08-28,08:30,GMDA Open Data / IMD Weather Archive,official_gis,https://mausam.imd.gov.in/,high,45.0,82.0,115.0,132.0,55.0,EVT_20180828,225.7,0.34,4.4,1700.2,DLF Internal Storm Drain,98.4,Master Arterial,0,2,0,0,0,0.0,0,0,0,0
GWL_0636,28.49402,77.08899,Cyber City DLF Phase 2,Sector 24,Gurugram,2024-11-05,11:00,GMDA Open Data / IMD Weather Archive,official_gis,https://mausam.imd.gov.in/,high,0.0,0.0,0.0,0.0,0.0,DRY_20241105,225.5,3.44,4.68,1698.5,DLF Internal Storm Drain,80.3,Master Arterial,0,2,0,0,0,0.0,0,0,0,0
GWL_0637,28.49548,77.08728,Cyber City DLF Phase 2,Sector 24,Gurugram,2023-07-09,05:00,GMDA Open Data / IMD Weather Archive,official_gis,https://mausam.imd.gov.in/,high,75.0,135.0,180.0,240.0,90.0,EVT_20230709,225.5,3.3,5.22,1703.0,DLF Internal Storm Drain,88.8,Master Arterial,0,2,0,0,0,0.0,0,0,0,0
GWL_0638,28.49602,77.08691,Cyber City DLF Phase 2,Sector 24,Gurugram,2018-08-28,08:30,GMDA Open Data / IMD Weather Archive,official_gis,https://mausam.imd.gov.in/,high,45.0,82.0,115.0,132.0,55.0,EVT_20180828,225.7,1.24,4.86,1698.7,DLF Internal Storm Drain,74.5,Master Arterial,0,2,0,0,0,0.0,0,0,0,0
GWL_0639,28.49539,77.08914,Cyber City DLF Phase 2,Sector 24,Gurugram,2025-07-20,10:10,GMDA Open Data / IMD Weather Archive,official_gis,https://mausam.imd.gov.in/,high,40.0,72.0,98.0,115.0,48.0,EVT_20250720,225.7,0.64,4.42,1694.0,DLF Internal Storm Drain,79.0,Master Arterial,0,2,0,0,0,0.0,0,0,0,0
GWL_0640,28.49553,77.0885,Cyber City DLF Phase 2,Sector 24,Gurugram,2024-08-02,18:00,GMDA Open Data / IMD Weather Archive,official_gis,https://mausam.imd.gov.in/,high,4.0,8.0,12.0,15.0,5.0,LIGHT_20240802,226.0,1.4,4.92,1718.2,DLF Internal Storm Drain,84.1,Master Arterial,0,2,0,0,0,0.0,0,0,0,0
GWL_0641,28.4599,77.09554,DLF Phase 5 (Horizon Center),Sector 43,Gurugram,2025-07-20,10:10,GMDA Open Data / IMD Weather Archive,official_gis,https://mausam.imd.gov.in/,high,40.0,72.0,98.0,115.0,48.0,EVT_20250720,226.8,3.12,4.12,1805.4,Golf Course Line Drain,130.8,Master Arterial,0,1,0,0,0,0.0,0,0,0,0
GWL_0642,28.45957,77.09595,DLF Phase 5 (Horizon Center),Sector 43,Gurugram,2024-05-20,15:00,GMDA Open Data / IMD Weather Archive,official_gis,https://mausam.imd.gov.in/,high,0.0,0.0,0.0,0.0,0.0,DRY_20240520,226.7,2.21,4.06,1785.0,Golf Course Line Drain,132.4,Master Arterial,0,1,0,0,0,0.0,0,0,0,0
GWL_0643,28.45794,77.09589,DLF Phase 5 (Horizon Center),Sector 43,Gurugram,2024-11-05,11:00,GMDA Open Data / IMD Weather Archive,official_gis,https://mausam.imd.gov.in/,high,0.0,0.0,0.0,0.0,0.0,DRY_20241105,226.8,3.21,3.79,1797.4,Golf Course Line Drain,133.7,Master Arterial,0,1,0,0,0,0.0,0,0,0,0
GWL_0644,28.45842,77.09778,DLF Phase 5 (Horizon Center),Sector 43,Gurugram,2024-11-05,11:00,GMDA Open Data / IMD Weather Archive,official_gis,https://mausam.imd.gov.in/,high,0.0,0.0,0.0,0.0,0.0,DRY_20241105,226.8,3.39,3.99,1807.7,Golf Course Line Drain,146.4,Master Arterial,0,1,0,0,0,0.0,0,0,0,0
GWL_0645,28.46015,77.09666,DLF Phase 5 (Horizon Center),Sector 43,Gurugram,2024-11-05,11:00,GMDA Open Data / IMD Weather Archive,official_gis,https://mausam.imd.gov.in/,high,0.0,0.0,0.0,0.0,0.0,DRY_20241105,227.1,0.85,3.83,1840.2,Golf Course Line Drain,139.8,Master Arterial,0,1,0,0,0,0.0,0,0,0,0
GWL_0646,28.45862,77.09728,DLF Phase 5 (Horizon Center),Sector 43,Gurugram,2024-05-20,15:00,GMDA Open Data / IMD Weather Archive,official_gis,https://mausam.imd.gov.in/,high,0.0,0.0,0.0,0.0,0.0,DRY_20240520,227.0,3.34,4.44,1818.9,Golf Course Line Drain,156.4,Master Arterial,0,1,0,0,0,0.0,0,0,0,0
GWL_0647,28.45765,77.09577,DLF Phase 5 (Horizon Center),Sector 43,Gurugram,2021-07-19,07:45,GMDA Open Data / IMD Weather Archive,official_gis,https://mausam.imd.gov.in/,high,62.0,118.0,155.0,185.0,75.0,EVT_20210719,227.1,0.95,4.4,1840.3,Golf Course Line Drain,142.7,Master Arterial,0,1,0,0,0,0.0,0,0,0,0
GWL_0648,28.45853,77.09788,DLF Phase 5 (Horizon Center),Sector 43,Gurugram,2022-09-22,11:00,GMDA Open Data / IMD Weather Archive,official_gis,https://mausam.imd.gov.in/,high,28.0,52.0,85.0,110.0,35.0,EVT_20220922,227.1,1.81,4.01,1839.9,Golf Course Line Drain,147.1,Master Arterial,0,1,0,0,0,0.0,0,0,0,0
GWL_0649,28.45979,77.09744,DLF Phase 5 (Horizon Center),Sector 43,Gurugram,2023-07-09,05:00,GMDA Open Data / IMD Weather Archive,official_gis,https://mausam.imd.gov.in/,high,75.0,135.0,180.0,240.0,90.0,EVT_20230709,227.0,1.63,4.55,1809.5,Golf Course Line Drain,153.8,Master Arterial,0,1,0,0,0,0.0,0,0,0,0
GWL_0650,28.46032,77.09687,DLF Phase 5 (Horizon Center),Sector 43,Gurugram,2019-07-15,14:15,GMDA Open Data / IMD Weather Archive,official_gis,https://mausam.imd.gov.in/,high,32.0,58.0,74.0,89.0,40.0,EVT_20190715,227.3,2.86,4.43,1836.3,Golf Course Line Drain,131.5,Master Arterial,0,1,0,0,0,0.0,0,0,0,0
GWL_0651,28.45871,77.09702,DLF Phase 5 (Horizon Center),Sector 43,Gurugram,2024-05-20,15:00,GMDA Open Data / IMD Weather Archive,official_gis,https://mausam.imd.gov.in/,high,0.0,0.0,0.0,0.0,0.0,DRY_20240520,227.1,2.67,4.02,1828.9,Golf Course Line Drain,135.6,Master Arterial,0,1,0,0,0,0.0,0,0,0,0
GWL_0652,28.45975,77.09664,DLF Phase 5 (Horizon Center),Sector 43,Gurugram,2022-09-22,11:00,GMDA Open Data / IMD Weather Archive,official_gis,https://mausam.imd.gov.in/,high,28.0,52.0,85.0,110.0,35.0,EVT_20220922,226.9,1.16,4.49,1805.8,Golf Course Line Drain,136.5,Master Arterial,0,1,0,0,0,0.0,0,0,0,0
GWL_0653,28.4604,77.09715,DLF Phase 5 (Horizon Center),Sector 43,Gurugram,2023-10-15,12:00,GMDA Open Data / IMD Weather Archive,official_gis,https://mausam.imd.gov.in/,high,0.0,0.0,0.0,0.0,0.0,DRY_20231015,227.5,1.61,3.98,1873.4,Golf Course Line Drain,145.8,Master Arterial,0,1,0,0,0,0.0,0,0,0,0
GWL_0654,28.45962,77.09576,DLF Phase 5 (Horizon Center),Sector 43,Gurugram,2022-09-22,11:00,GMDA Open Data / IMD Weather Archive,official_gis,https://mausam.imd.gov.in/,high,28.0,52.0,85.0,110.0,35.0,EVT_20220922,227.1,0.61,3.87,1803.5,Golf Course Line Drain,131.2,Master Arterial,0,1,0,0,0,0.0,0,0,0,0
GWL_0655,28.46043,77.09573,DLF Phase 5 (Horizon Center),Sector 43,Gurugram,2024-05-20,15:00,GMDA Open Data / IMD Weather Archive,official_gis,https://mausam.imd.gov.in/,high,0.0,0.0,0.0,0.0,0.0,DRY_20240520,227.2,2.97,4.17,1818.1,Golf Course Line Drain,151.8,Master Arterial,0,1,0,0,0,0.0,0,0,0,0
GWL_0656,28.4593,77.09719,DLF Phase 5 (Horizon Center),Sector 43,Gurugram,2025-08-15,14:00,GMDA Open Data / IMD Weather Archive,official_gis,https://mausam.imd.gov.in/,high,6.0,11.0,14.0,18.0,7.0,LIGHT_20250815,227.3,3.42,4.15,1834.2,Golf Course Line Drain,149.5,Master Arterial,0,1,0,0,0,0.0,0,0,0,0
GWL_0657,28.45771,77.09769,DLF Phase 5 (Horizon Center),Sector 43,Gurugram,2019-07-15,14:15,GMDA Open Data / IMD Weather Archive,official_gis,https://mausam.imd.gov.in/,high,32.0,58.0,74.0,89.0,40.0,EVT_20190715,226.8,1.28,4.6,1801.9,Golf Course Line Drain,141.8,Master Arterial,0,1,0,0,0,0.0,0,0,0,0
GWL_0658,28.45892,77.09756,DLF Phase 5 (Horizon Center),Sector 43,Gurugram,2024-11-05,11:00,GMDA Open Data / IMD Weather Archive,official_gis,https://mausam.imd.gov.in/,high,0.0,0.0,0.0,0.0,0.0,DRY_20241105,227.0,3.07,3.79,1826.1,Golf Course Line Drain,155.4,Master Arterial,0,1,0,0,0,0.0,0,0,0,0
GWL_0659,28.45805,77.09629,DLF Phase 5 (Horizon Center),Sector 43,Gurugram,2021-09-01,06:30,GMDA Open Data / IMD Weather Archive,official_gis,https://mausam.imd.gov.in/,high,70.0,125.0,160.0,218.0,85.0,EVT_20210901,226.8,2.53,4.32,1803.4,Golf Course Line Drain,135.9,Master Arterial,0,1,0,0,0,0.0,0,0,0,0
GWL_0660,28.45814,77.09512,DLF Phase 5 (Horizon Center),Sector 43,Gurugram,2025-07-20,10:10,GMDA Open Data / IMD Weather Archive,official_gis,https://mausam.imd.gov.in/,high,40.0,72.0,98.0,115.0,48.0,EVT_20250720,227.0,2.05,4.56,1821.7,Golf Course Line Drain,143.1,Master Arterial,0,1,0,0,0,0.0,0,0,0,0
GWL_0661,28.48256,77.10516,Aravalli Biodiversity Park Marg,DLF Phase 3,Gurugram,2021-09-01,06:30,GMDA Open Data / IMD Weather Archive,official_gis,https://mausam.imd.gov.in/,high,70.0,125.0,160.0,218.0,85.0,EVT_20210901,235.3,1.94,0.64,2502.6,Natural Slope Flow,861.8,Sector Road,0,0,0,0,0,0.0,0,0,0,0
GWL_0662,28.48006,77.10391,Aravalli Biodiversity Park Marg,DLF Phase 3,Gurugram,2024-05-20,15:00,GMDA Open Data / IMD Weather Archive,official_gis,https://mausam.imd.gov.in/,high,0.0,0.0,0.0,0.0,0.0,DRY_20240520,235.0,2.06,1.1,2481.7,Natural Slope Flow,851.4,Sector Road,0,0,0,0,0,0.0,0,0,0,0
GWL_0663,28.48155,77.10591,Aravalli Biodiversity Park Marg,DLF Phase 3,Gurugram,2023-07-09,05:00,GMDA Open Data / IMD Weather Archive,official_gis,https://mausam.imd.gov.in/,high,75.0,135.0,180.0,240.0,90.0,EVT_20230709,235.2,3.24,1.18,2515.7,Natural Slope Flow,845.8,Sector Road,0,0,0,0,0,0.0,0,0,0,0
GWL_0664,28.4817,77.10487,Aravalli Biodiversity Park Marg,DLF Phase 3,Gurugram,2022-09-22,11:00,GMDA Open Data / IMD Weather Archive,official_gis,https://mausam.imd.gov.in/,high,28.0,52.0,85.0,110.0,35.0,EVT_20220922,235.1,1.82,0.99,2496.9,Natural Slope Flow,855.6,Sector Road,0,0,0,0,0,0.0,0,0,0,0
GWL_0665,28.48029,77.10542,Aravalli Biodiversity Park Marg,DLF Phase 3,Gurugram,2023-07-09,05:00,GMDA Open Data / IMD Weather Archive,official_gis,https://mausam.imd.gov.in/,high,75.0,135.0,180.0,240.0,90.0,EVT_20230709,234.7,0.48,1.06,2475.8,Natural Slope Flow,853.1,Sector Road,0,0,0,0,0,0.0,0,0,0,0
GWL_0666,28.48053,77.10467,Aravalli Biodiversity Park Marg,DLF Phase 3,Gurugram,2024-11-05,11:00,GMDA Open Data / IMD Weather Archive,official_gis,https://mausam.imd.gov.in/,high,0.0,0.0,0.0,0.0,0.0,DRY_20241105,234.9,3.28,1.46,2486.6,Natural Slope Flow,849.8,Sector Road,0,0,0,0,0,0.0,0,0,0,0
GWL_0667,28.48191,77.10311,Aravalli Biodiversity Park Marg,DLF Phase 3,Gurugram,2021-09-01,06:30,GMDA Open Data / IMD Weather Archive,official_gis,https://mausam.imd.gov.in/,high,70.0,125.0,160.0,218.0,85.0,EVT_20210901,235.0,1.31,1.42,2475.5,Natural Slope Flow,856.6,Sector Road,0,0,0,0,0,0.0,0,0,0,0
GWL_0668,28.48192,77.10446,Aravalli Biodiversity Park Marg,DLF Phase 3,Gurugram,2025-07-20,10:10,GMDA Open Data / IMD Weather Archive,official_gis,https://mausam.imd.gov.in/,high,40.0,72.0,98.0,115.0,48.0,EVT_20250720,234.7,3.41,1.14,2474.1,Natural Slope Flow,847.1,Sector Road,0,0,0,0,0,0.0,0,0,0,0
GWL_0669,28.48115,77.10429,Aravalli Biodiversity Park Marg,DLF Phase 3,Gurugram,2020-08-19,09:00,GMDA Open Data / IMD Weather Archive,official_gis,https://mausam.imd.gov.in/,high,58.0,105.0,142.0,168.0,70.0,EVT_20200819,234.7,0.55,1.46,2459.1,Natural Slope Flow,845.8,Sector Road,0,0,0,0,0,0.0,0,0,0,0
GWL_0670,28.48121,77.10531,Aravalli Biodiversity Park Marg,DLF Phase 3,Gurugram,2021-07-19,07:45,GMDA Open Data / IMD Weather Archive,official_gis,https://mausam.imd.gov.in/,high,62.0,118.0,155.0,185.0,75.0,EVT_20210719,234.6,2.1,0.78,2442.5,Natural Slope Flow,841.6,Sector Road,0,0,0,0,0,0.0,0,0,0,0
GWL_0671,28.4822,77.10335,Aravalli Biodiversity Park Marg,DLF Phase 3,Gurugram,2023-07-09,05:00,GMDA Open Data / IMD Weather Archive,official_gis,https://mausam.imd.gov.in/,high,75.0,135.0,180.0,240.0,90.0,EVT_20230709,234.6,1.65,1.5,2451.5,Natural Slope Flow,852.7,Sector Road,0,0,0,0,0,0.0,0,0,0,0
GWL_0672,28.47982,77.10435,Aravalli Biodiversity Park Marg,DLF Phase 3,Gurugram,2024-05-20,15:00,GMDA Open Data / IMD Weather Archive,official_gis,https://mausam.imd.gov.in/,high,0.0,0.0,0.0,0.0,0.0,DRY_20240520,235.1,2.08,0.79,2496.1,Natural Slope Flow,843.2,Sector Road,0,0,0,0,0,0.0,0,0,0,0
GWL_0673,28.4808,77.1033,Aravalli Biodiversity Park Marg,DLF Phase 3,Gurugram,2023-07-09,05:00,GMDA Open Data / IMD Weather Archive,official_gis,https://mausam.imd.gov.in/,high,75.0,135.0,180.0,240.0,90.0,EVT_20230709,235.2,3.39,1.39,2526.6,Natural Slope Flow,858.0,Sector Road,0,0,0,0,0,0.0,0,0,0,0
GWL_0674,28.4818,77.10386,Aravalli Biodiversity Park Marg,DLF Phase 3,Gurugram,2024-05-20,15:00,GMDA Open Data / IMD Weather Archive,official_gis,https://mausam.imd.gov.in/,high,0.0,0.0,0.0,0.0,0.0,DRY_20240520,235.1,1.7,0.94,2513.8,Natural Slope Flow,848.5,Sector Road,0,0,0,0,0,0.0,0,0,0,0
GWL_0675,28.48065,77.10577,Aravalli Biodiversity Park Marg,DLF Phase 3,Gurugram,2024-11-05,11:00,GMDA Open Data / IMD Weather Archive,official_gis,https://mausam.imd.gov.in/,high,0.0,0.0,0.0,0.0,0.0,DRY_20241105,234.6,1.8,1.57,2465.4,Natural Slope Flow,856.4,Sector Road,0,0,0,0,0,0.0,0,0,0,0
GWL_0676,28.48045,77.10403,Aravalli Biodiversity Park Marg,DLF Phase 3,Gurugram,2020-08-19,09:00,GMDA Open Data / IMD Weather Archive,official_gis,https://mausam.imd.gov.in/,high,58.0,105.0,142.0,168.0,70.0,EVT_20200819,235.3,2.05,0.89,2504.5,Natural Slope Flow,840.5,Sector Road,0,0,0,0,0,0.0,0,0,0,0
GWL_0677,28.48259,77.10413,Aravalli Biodiversity Park Marg,DLF Phase 3,Gurugram,2023-10-15,12:00,GMDA Open Data / IMD Weather Archive,official_gis,https://mausam.imd.gov.in/,high,0.0,0.0,0.0,0.0,0.0,DRY_20231015,235.1,0.46,1.14,2520.8,Natural Slope Flow,857.3,Sector Road,0,0,0,0,0,0.0,0,0,0,0
GWL_0678,28.48008,77.10475,Aravalli Biodiversity Park Marg,DLF Phase 3,Gurugram,2023-10-15,12:00,GMDA Open Data / IMD Weather Archive,official_gis,https://mausam.imd.gov.in/,high,0.0,0.0,0.0,0.0,0.0,DRY_20231015,235.2,1.54,1.3,2517.9,Natural Slope Flow,867.0,Sector Road,0,0,0,0,0,0.0,0,0,0,0
GWL_0679,28.48157,77.10339,Aravalli Biodiversity Park Marg,DLF Phase 3,Gurugram,2021-09-01,06:30,GMDA Open Data / IMD Weather Archive,official_gis,https://mausam.imd.gov.in/,high,70.0,125.0,160.0,218.0,85.0,EVT_20210901,234.8,0.87,1.49,2488.4,Natural Slope Flow,860.3,Sector Road,0,0,0,0,0,0.0,0,0,0,0
GWL_0680,28.4806,77.10355,Aravalli Biodiversity Park Marg,DLF Phase 3,Gurugram,2023-07-09,05:00,GMDA Open Data / IMD Weather Archive,official_gis,https://mausam.imd.gov.in/,high,75.0,135.0,180.0,240.0,90.0,EVT_20230709,235.2,1.76,0.65,2516.7,Natural Slope Flow,841.2,Sector Road,0,0,0,0,0,0.0,0,0,0,0
GWL_0681,28.45048,77.10791,Sector 42 Hilltop Ridge,Sector 42,Gurugram,2025-07-20,10:10,GMDA Open Data / IMD Weather Archive,official_gis,https://mausam.imd.gov.in/,high,40.0,72.0,98.0,115.0,48.0,EVT_20250720,241.7,3.45,-1.97,3049.7,Natural Slope Flow,1096.1,Sector Road,0,0,0,0,0,0.0,0,0,0,0
GWL_0682,28.45181,77.10778,Sector 42 Hilltop Ridge,Sector 42,Gurugram,2025-08-15,14:00,GMDA Open Data / IMD Weather Archive,official_gis,https://mausam.imd.gov.in/,high,6.0,11.0,14.0,18.0,7.0,LIGHT_20250815,242.1,0.27,-2.31,3096.3,Natural Slope Flow,1114.5,Sector Road,0,0,0,0,0,0.0,0,0,0,0
GWL_0683,28.45216,77.10676,Sector 42 Hilltop Ridge,Sector 42,Gurugram,2018-08-28,08:30,GMDA Open Data / IMD Weather Archive,official_gis,https://mausam.imd.gov.in/,high,45.0,82.0,115.0,132.0,55.0,EVT_20180828,242.0,3.21,-1.91,3103.2,Natural Slope Flow,1094.0,Sector Road,0,0,0,0,0,0.0,0,0,0,0
GWL_0684,28.45231,77.10875,Sector 42 Hilltop Ridge,Sector 42,Gurugram,2021-09-01,06:30,GMDA Open Data / IMD Weather Archive,official_gis,https://mausam.imd.gov.in/,high,70.0,125.0,160.0,218.0,85.0,EVT_20210901,242.4,2.43,-2.1,3141.5,Natural Slope Flow,1098.3,Sector Road,0,0,0,0,0,0.0,0,0,0,0
GWL_0685,28.4505,77.1086,Sector 42 Hilltop Ridge,Sector 42,Gurugram,2021-09-01,06:30,GMDA Open Data / IMD Weather Archive,official_gis,https://mausam.imd.gov.in/,high,70.0,125.0,160.0,218.0,85.0,EVT_20210901,242.2,3.27,-2.18,3118.9,Natural Slope Flow,1112.2,Sector Road,0,0,0,0,0,0.0,0,0,0,0
GWL_0686,28.44969,77.10766,Sector 42 Hilltop Ridge,Sector 42,Gurugram,2021-07-19,07:45,GMDA Open Data / IMD Weather Archive,official_gis,https://mausam.imd.gov.in/,high,62.0,118.0,155.0,185.0,75.0,EVT_20210719,241.8,1.2,-1.24,3078.7,Natural Slope Flow,1111.5,Sector Road,0,0,0,0,0,0.0,0,0,0,0
GWL_0687,28.45243,77.10763,Sector 42 Hilltop Ridge,Sector 42,Gurugram,2023-07-09,05:00,GMDA Open Data / IMD Weather Archive,official_gis,https://mausam.imd.gov.in/,high,75.0,135.0,180.0,240.0,90.0,EVT_20230709,242.2,1.63,-1.51,3094.2,Natural Slope Flow,1118.4,Sector Road,0,0,0,0,0,0.0,0,0,0,0
GWL_0688,28.45016,77.10748,Sector 42 Hilltop Ridge,Sector 42,Gurugram,2024-08-02,18:00,GMDA Open Data / IMD Weather Archive,official_gis,https://mausam.imd.gov.in/,high,4.0,8.0,12.0,15.0,5.0,LIGHT_20240802,242.2,1.5,-1.77,3104.8,Natural Slope Flow,1112.3,Sector Road,0,0,0,0,0,0.0,0,0,0,0
GWL_0689,28.45018,77.10668,Sector 42 Hilltop Ridge,Sector 42,Gurugram,2023-10-15,12:00,GMDA Open Data / IMD Weather Archive,official_gis,https://mausam.imd.gov.in/,high,0.0,0.0,0.0,0.0,0.0,DRY_20231015,241.8,1.77,-2.05,3067.2,Natural Slope Flow,1102.0,Sector Road,0,0,0,0,0,0.0,0,0,0,0
GWL_0690,28.44967,77.10825,Sector 42 Hilltop Ridge,Sector 42,Gurugram,2023-10-15,12:00,GMDA Open Data / IMD Weather Archive,official_gis,https://mausam.imd.gov.in/,high,0.0,0.0,0.0,0.0,0.0,DRY_20231015,242.3,0.7,-1.82,3122.1,Natural Slope Flow,1102.6,Sector Road,0,0,0,0,0,0.0,0,0,0,0
GWL_0691,28.4516,77.10773,Sector 42 Hilltop Ridge,Sector 42,Gurugram,2024-05-20,15:00,GMDA Open Data / IMD Weather Archive,official_gis,https://mausam.imd.gov.in/,high,0.0,0.0,0.0,0.0,0.0,DRY_20240520,242.0,0.22,-1.61,3096.5,Natural Slope Flow,1091.2,Sector Road,0,0,0,0,0,0.0,0,0,0,0
GWL_0692,28.4506,77.10944,Sector 42 Hilltop Ridge,Sector 42,Gurugram,2022-09-22,11:00,GMDA Open Data / IMD Weather Archive,official_gis,https://mausam.imd.gov.in/,high,28.0,52.0,85.0,110.0,35.0,EVT_20220922,241.9,1.86,-1.35,3090.2,Natural Slope Flow,1107.5,Sector Road,0,0,0,0,0,0.0,0,0,0,0
GWL_0693,28.45189,77.10909,Sector 42 Hilltop Ridge,Sector 42,Gurugram,2024-08-11,16:20,GMDA Open Data / IMD Weather Archive,official_gis,https://mausam.imd.gov.in/,high,50.0,92.0,120.0,145.0,60.0,EVT_20240811,242.0,1.77,-1.91,3108.7,Natural Slope Flow,1110.9,Sector Road,0,0,0,0,0,0.0,0,0,0,0
GWL_0694,28.44975,77.10909,Sector 42 Hilltop Ridge,Sector 42,Gurugram,2024-08-11,16:20,GMDA Open Data / IMD Weather Archive,official_gis,https://mausam.imd.gov.in/,high,50.0,92.0,120.0,145.0,60.0,EVT_20240811,242.0,0.43,-1.75,3086.7,Natural Slope Flow,1116.3,Sector Road,0,0,0,0,0,0.0,0,0,0,0
GWL_0695,28.45011,77.10898,Sector 42 Hilltop Ridge,Sector 42,Gurugram,2024-08-11,16:20,GMDA Open Data / IMD Weather Archive,official_gis,https://mausam.imd.gov.in/,high,50.0,92.0,120.0,145.0,60.0,EVT_20240811,242.0,0.38,-1.33,3090.5,Natural Slope Flow,1098.7,Sector Road,0,0,0,0,0,0.0,0,0,0,0
GWL_0696,28.45091,77.10907,Sector 42 Hilltop Ridge,Sector 42,Gurugram,2024-05-20,15:00,GMDA Open Data / IMD Weather Archive,official_gis,https://mausam.imd.gov.in/,high,0.0,0.0,0.0,0.0,0.0,DRY_20240520,241.8,0.84,-2.09,3064.9,Natural Slope Flow,1113.4,Sector Road,0,0,0,0,0,0.0,0,0,0,0
GWL_0697,28.45091,77.10718,Sector 42 Hilltop Ridge,Sector 42,Gurugram,2021-07-19,07:45,GMDA Open Data / IMD Weather Archive,official_gis,https://mausam.imd.gov.in/,high,62.0,118.0,155.0,185.0,75.0,EVT_20210719,241.7,1.3,-1.24,3058.2,Natural Slope Flow,1119.6,Sector Road,0,0,0,0,0,0.0,0,0,0,0
GWL_0698,28.45096,77.10704,Sector 42 Hilltop Ridge,Sector 42,Gurugram,2025-07-20,10:10,GMDA Open Data / IMD Weather Archive,official_gis,https://mausam.imd.gov.in/,high,40.0,72.0,98.0,115.0,48.0,EVT_20250720,242.3,1.72,-1.71,3134.8,Natural Slope Flow,1091.5,Sector Road,0,0,0,0,0,0.0,0,0,0,0
GWL_0699,28.44979,77.10866,Sector 42 Hilltop Ridge,Sector 42,Gurugram,2024-08-11,16:20,GMDA Open Data / IMD Weather Archive,official_gis,https://mausam.imd.gov.in/,high,50.0,92.0,120.0,145.0,60.0,EVT_20240811,241.8,0.81,-2.18,3053.9,Natural Slope Flow,1113.2,Sector Road,0,0,0,0,0,0.0,0,0,0,0
GWL_0700,28.4499,77.1079,Sector 42 Hilltop Ridge,Sector 42,Gurugram,2024-08-02,18:00,GMDA Open Data / IMD Weather Archive,official_gis,https://mausam.imd.gov.in/,high,4.0,8.0,12.0,15.0,5.0,LIGHT_20240802,242.1,1.61,-2.31,3109.8,Natural Slope Flow,1090.3,Sector Road,0,0,0,0,0,0.0,0,0,0,0
GWL_0701,28.4789,77.0815,Sahara Mall / Chakkarpur Road,Sector 28,Gurugram,2025-08-14,16:30,Citizen Field Report,citizen_report,user_observation,medium,52.0,93.6,124.8,166.4,52.0,EVT_20250814,214.2,1.2,9.4,420.0,Citizen Observation Drain,85.0,Sector Road,0,8,1,1,2,30.0,120,0,2,0
GWL_0702,28.4765,77.079,Maruti Vihar & Housing Board,Sector 28,Gurugram,2025-08-14,16:30,Citizen Field Report,citizen_report,user_observation,medium,48.0,86.4,115.2,153.6,48.0,EVT_20250814,213.8,0.9,9.8,445.0,Citizen Observation Drain,72.0,Sector Road,0,7,1,1,2,35.0,150,0,2,0
GWL_0703,28.4612,77.0821,Sushant Lok Police Station Stretch,Sector 43,Gurugram,2025-08-14,17:00,Citizen Field Report,citizen_report,user_observation,medium,58.0,104.4,139.2,185.6,58.0,EVT_20250814,215.0,1.6,10.2,380.0,Citizen Observation Drain,95.0,Sector Road,0,12,1,1,3,45.0,180,0,3,0
GWL_0704,28.4895,77.0945,Nathupur Village Road,Sector 24,Gurugram,2025-08-14,17:15,Citizen Field Report,citizen_report,user_observation,medium,72.0,129.6,172.8,230.4,72.0,EVT_20250814,212.5,2.1,11.5,510.0,Citizen Observation Drain,120.0,Sector Road,0,15,1,1,4,60.0,240,1,3,0
GWL_0705,28.4281,77.119,Ghata Village Stretch,Sector 55,Gurugram,2025-08-14,17:30,Citizen Field Report,citizen_report,user_observation,medium,65.0,117.0,156.0,208.0,65.0,EVT_20250814,222.0,2.8,11.8,620.0,Citizen Observation Drain,180.0,Sector Road,0,10,1,1,3,55.0,210,0,3,0
GWL_0706,28.4593,77.0725,Millennium City Centre Metro Area,Sector 29,Gurugram,2025-08-14,16:00,Citizen Field Report,citizen_report,user_observation,medium,60.0,108.0,144.0,192.0,60.0,EVT_20250814,214.5,1.4,10.5,395.0,Citizen Observation Drain,68.0,Sector Road,0,14,1,1,3,50.0,200,0,3,0
GWL_0707,28.4542,77.0745,Fortis Hospital Perimeter Road,Sector 44,Gurugram,2025-08-14,16:15,Citizen Field Report,citizen_report,user_observation,medium,45.0,81.0,108.0,144.0,45.0,EVT_20250814,215.1,1.1,9.6,410.0,Citizen Observation Drain,55.0,Sector Road,0,6,1,1,2,40.0,140,0,2,0
GWL_0708,28.4811,77.0512,Sukhrali Village Market Stretch,Sector 17,Gurugram,2025-08-14,16:45,Citizen Field Report,citizen_report,user_observation,medium,55.0,99.0,132.0,176.0,55.0,EVT_20250814,213.1,1.8,10.8,480.0,Citizen Observation Drain,110.0,Sector Road,0,11,1,1,3,45.0,160,0,3,0
GWL_0709,28.4735,77.045,Sector 14 Market Showrooms Frontage,Sector 14,Gurugram,2025-08-14,16:50,Citizen Field Report,citizen_report,user_observation,medium,42.0,75.6,100.8,134.4,42.0,EVT_20250814,214.0,0.8,9.2,430.0,Citizen Observation Drain,78.0,Sector Road,0,5,1,1,2,35.0,130,0,2,0
GWL_0710,28.4632,77.0315,Sadar Bazar Market Lanes,Sector 11 / Sadar,Gurugram,2025-08-14,17:00,Citizen Field Report,citizen_report,user_observation,medium,50.0,90.0,120.0,160.0,50.0,EVT_20250814,212.8,1.5,10.1,465.0,Citizen Observation Drain,92.0,Sector Road,0,9,1,1,3,45.0,190,0,3,0
GWL_0711,28.4856,77.0321,Sheetla Mata Mandir Road,Sector 5,Gurugram,2025-08-14,17:10,Citizen Field Report,citizen_report,user_observation,medium,46.0,82.8,110.4,147.2,46.0,EVT_20250814,213.0,1.0,9.5,440.0,Citizen Observation Drain,88.0,Sector Road,0,7,1,1,2,40.0,150,0,2,0
GWL_0712,28.468,77.0805,Sushant Lok 1 (Blocks A & B),Sushant Lok 1,Gurugram,2025-08-14,17:20,Citizen Field Report,citizen_report,user_observation,medium,44.0,79.2,105.6,140.8,44.0,EVT_20250814,215.5,0.7,9.1,400.0,Citizen Observation Drain,65.0,Sector Road,0,8,1,1,2,40.0,180,0,2,0
GWL_0713,28.4815,77.091,Sikanderpur Village Main Road,Sector 26,Gurugram,2025-08-14,17:30,Citizen Field Report,citizen_report,user_observation,medium,62.0,111.6,148.8,198.4,62.0,EVT_20250814,213.4,2.0,10.6,490.0,Citizen Observation Drain,105.0,Sector Road,0,13,1,1,3,50.0,220,0,3,0
GWL_0714,28.4685,77.0678,Leisure Valley Park Perimeter,Sector 29,Gurugram,2025-08-14,18:00,Citizen Field Report,citizen_report,user_observation,medium,12.0,21.6,28.8,38.4,12.0,EVT_20250814,217.5,0.4,7.5,350.0,Citizen Observation Drain,45.0,Sector Road,0,0,0,0,0,0.0,0,0,0,0
GWL_0715,28.472,77.072,Major Arterial Underpass Corridor,Sector 29 / 31,Gurugram,2025-08-14,16:30,Citizen Field Report,citizen_report,user_observation,medium,78.0,140.4,187.2,249.6,78.0,EVT_20250814,208.5,2.4,12.1,280.0,Citizen Observation Drain,320.0,Underpass,1,22,1,1,4,75.0,300,1,3,0
